/* Date de Soumission: 11/12/2023
Noms: Lea Roeller, Karen Assi, Dylan Jasaron
Brève Description du contexte et de son utilité:  
Notre mission est d'effectuer le modèle logique en une base de données. 
Tout d'abord, nous avons créé des tables et ajouté les déclencheurs appropriés. 
Ensuite, nous avons inséré les données telles qu'elles figurent dans les fichiers. 
Cette base de données peut être utilisée pour obtenir plus d'informations sur la police de Montréal, 
ses agents et ses interventions.
*/

-- Commencer par créer une base des données 
CREATE DATABASE MPD_SPVM
GO

USE MPD_SPVM
GO

-- Commencer par créer des prèmieres tables 
-- On doit commencer par une table qui n'a pas des FKs

DROP TABLE IF EXISTS TYPE_RUE;
CREATE TABLE TYPE_RUE
(ID	INT	IDENTITY(1,1)	PRIMARY KEY, 
ABRÉVIATION	NVARCHAR(100)	NOT NULL, 
DÉSIGNATION	NVARCHAR(100) 	NOT NULL);

-- Inserer des données

SET IDENTITY_INSERT TYPE_RUE ON;

INSERT INTO TYPE_RUE (ID, ABRÉVIATION, DÉSIGNATION) VALUES (	1	,	'ABBEY'	,	'Abbey'		);
INSERT INTO TYPE_RUE (ID, ABRÉVIATION, DÉSIGNATION) VALUES (	2	,	'ACRES'	,	'Acres'		);
INSERT INTO TYPE_RUE (ID, ABRÉVIATION, DÉSIGNATION) VALUES (	3	,	'ALLÉE'	,	'Allée'		);
INSERT INTO TYPE_RUE (ID, ABRÉVIATION, DÉSIGNATION) VALUES (	4	,	'ALLEY'	,	'Alley'		);
INSERT INTO TYPE_RUE (ID, ABRÉVIATION, DÉSIGNATION) VALUES (	5	,	'AUT'	,	'Autoroute'	);
INSERT INTO TYPE_RUE (ID, ABRÉVIATION, DÉSIGNATION) VALUES (	6	,	'AVE'	,	'Avenue'	);
INSERT INTO TYPE_RUE (ID, ABRÉVIATION, DÉSIGNATION) VALUES (	7	,	'AV'	,	'Avenue'	);
INSERT INTO TYPE_RUE (ID, ABRÉVIATION, DÉSIGNATION) VALUES (	8	,	'BAY'	,	'Bay'		);
INSERT INTO TYPE_RUE (ID, ABRÉVIATION, DÉSIGNATION) VALUES (	9	,	'BEACH'	,	'Beach'		);
INSERT INTO TYPE_RUE (ID, ABRÉVIATION, DÉSIGNATION) VALUES (	10	,	'BEND'	,	'Bend'		);
INSERT INTO TYPE_RUE (ID, ABRÉVIATION, DÉSIGNATION) VALUES (	11	,	'BLVD'	,	'Boulevard'	);
INSERT INTO TYPE_RUE (ID, ABRÉVIATION, DÉSIGNATION) VALUES (	12	,	'BOUL'	,	'Boulevard'	);
INSERT INTO TYPE_RUE (ID, ABRÉVIATION, DÉSIGNATION) VALUES (	13	,	'BYPASS',	'By-pass'	);
INSERT INTO TYPE_RUE (ID, ABRÉVIATION, DÉSIGNATION) VALUES (	14	,	'BYWAY'	,	'Byway'		);
INSERT INTO TYPE_RUE (ID, ABRÉVIATION, DÉSIGNATION) VALUES (	15	,	'CAMPUS',	'Campus'	);
INSERT INTO TYPE_RUE (ID, ABRÉVIATION, DÉSIGNATION) VALUES (	16	,	'CAPE'	,	'Cape'		);
INSERT INTO TYPE_RUE (ID, ABRÉVIATION, DÉSIGNATION) VALUES (	17	,	'CAR'	,	'Carré'		);
INSERT INTO TYPE_RUE (ID, ABRÉVIATION, DÉSIGNATION) VALUES (	18	,	'CARREF',	'Carrefour'	);
INSERT INTO TYPE_RUE (ID, ABRÉVIATION, DÉSIGNATION) VALUES (	19	,	'CTR'	,	'Centre'	);
INSERT INTO TYPE_RUE (ID, ABRÉVIATION, DÉSIGNATION) VALUES (	20	,	'C'		,	'Centre'	);
INSERT INTO TYPE_RUE (ID, ABRÉVIATION, DÉSIGNATION) VALUES (	21	,	'CERCLE',	'Cercle'	);
INSERT INTO TYPE_RUE (ID, ABRÉVIATION, DÉSIGNATION) VALUES (	22	,	'CHASE'	,	'Chase'		);
INSERT INTO TYPE_RUE (ID, ABRÉVIATION, DÉSIGNATION) VALUES (	23	,	'CH'	,	'Chemin'	);
INSERT INTO TYPE_RUE (ID, ABRÉVIATION, DÉSIGNATION) VALUES (	24	,	'CIR'	,	'Circle'	);
INSERT INTO TYPE_RUE (ID, ABRÉVIATION, DÉSIGNATION) VALUES (	25	,	'CIRCT'	,	'Circuit'	);
INSERT INTO TYPE_RUE (ID, ABRÉVIATION, DÉSIGNATION) VALUES (	26	,	'CLOSE'	,	'Close'		);
INSERT INTO TYPE_RUE (ID, ABRÉVIATION, DÉSIGNATION) VALUES (	27	,	'COMMON',	'Common'	);
INSERT INTO TYPE_RUE (ID, ABRÉVIATION, DÉSIGNATION) VALUES (	28	,	'CONC'	,	'Concession');
INSERT INTO TYPE_RUE (ID, ABRÉVIATION, DÉSIGNATION) VALUES (	29	,	'CRNRS'	,	'Corners'	);
INSERT INTO TYPE_RUE (ID, ABRÉVIATION, DÉSIGNATION) VALUES (	30	,	'CÔTE'	,	'Côte'		);
INSERT INTO TYPE_RUE (ID, ABRÉVIATION, DÉSIGNATION) VALUES (	31	,	'COUR'	,	'Cour'		);
INSERT INTO TYPE_RUE (ID, ABRÉVIATION, DÉSIGNATION) VALUES (	32	,	'COURS'	,	'Cours'		);
INSERT INTO TYPE_RUE (ID, ABRÉVIATION, DÉSIGNATION) VALUES (	33	,	'CRT'	,	'Court'		);
INSERT INTO TYPE_RUE (ID, ABRÉVIATION, DÉSIGNATION) VALUES (	34	,	'COVE'	,	'Cove'		);
INSERT INTO TYPE_RUE (ID, ABRÉVIATION, DÉSIGNATION) VALUES (	35	,	'CRES'	,	'Crescent'	);
INSERT INTO TYPE_RUE (ID, ABRÉVIATION, DÉSIGNATION) VALUES (	36	,	'CROIS'	,	'Croissant'	);
INSERT INTO TYPE_RUE (ID, ABRÉVIATION, DÉSIGNATION) VALUES (	37	,	'CROSS'	,	'Crossing'	);
INSERT INTO TYPE_RUE (ID, ABRÉVIATION, DÉSIGNATION) VALUES (	38	,	'CDS'	,	'Cul-de-sac');
INSERT INTO TYPE_RUE (ID, ABRÉVIATION, DÉSIGNATION) VALUES (	39	,	'DALE'	,	'Dale'		);
INSERT INTO TYPE_RUE (ID, ABRÉVIATION, DÉSIGNATION) VALUES (	40	,	'DELL'	,	'Dell'		);
INSERT INTO TYPE_RUE (ID, ABRÉVIATION, DÉSIGNATION) VALUES (	41	,	'DIVERS',	'Diversion'	);
INSERT INTO TYPE_RUE (ID, ABRÉVIATION, DÉSIGNATION) VALUES (	42	,	'DOWNS'	,	'Downs'		);
INSERT INTO TYPE_RUE (ID, ABRÉVIATION, DÉSIGNATION) VALUES (	43	,	'DR'	,	'Drive'		);
INSERT INTO TYPE_RUE (ID, ABRÉVIATION, DÉSIGNATION) VALUES (	44	,	'ÉCH'	,	'Échangeur'	);
INSERT INTO TYPE_RUE (ID, ABRÉVIATION, DÉSIGNATION) VALUES (	45	,	'END'	,	'End'		);
INSERT INTO TYPE_RUE (ID, ABRÉVIATION, DÉSIGNATION) VALUES (	46	,	'ESPL'	,	'Esplanade'	);
INSERT INTO TYPE_RUE (ID, ABRÉVIATION, DÉSIGNATION) VALUES (	47	,	'ESTATE',	'Estates'	);
INSERT INTO TYPE_RUE (ID, ABRÉVIATION, DÉSIGNATION) VALUES (	48	,	'EXPY'	,	'Expressway');
INSERT INTO TYPE_RUE (ID, ABRÉVIATION, DÉSIGNATION) VALUES (	49	,	'EXTEN'	,	'Extension'	);
INSERT INTO TYPE_RUE (ID, ABRÉVIATION, DÉSIGNATION) VALUES (	50	,	'FARM'	,	'Farm'		);
INSERT INTO TYPE_RUE (ID, ABRÉVIATION, DÉSIGNATION) VALUES (	51	,	'FIELD'	,	'Field'		);
INSERT INTO TYPE_RUE (ID, ABRÉVIATION, DÉSIGNATION) VALUES (	52	,	'FOREST',	'Forest'	);
INSERT INTO TYPE_RUE (ID, ABRÉVIATION, DÉSIGNATION) VALUES (	53	,	'FWY'	,	'Freeway'	);
INSERT INTO TYPE_RUE (ID, ABRÉVIATION, DÉSIGNATION) VALUES (	54	,	'FRONT'	,	'Front'		);
INSERT INTO TYPE_RUE (ID, ABRÉVIATION, DÉSIGNATION) VALUES (	55	,	'GDNS'	,	'Gardens'	);
INSERT INTO TYPE_RUE (ID, ABRÉVIATION, DÉSIGNATION) VALUES (	56	,	'GATE'	,	'Gate'		);
INSERT INTO TYPE_RUE (ID, ABRÉVIATION, DÉSIGNATION) VALUES (	57	,	'GLADE'	,	'Glade'		);
INSERT INTO TYPE_RUE (ID, ABRÉVIATION, DÉSIGNATION) VALUES (	58	,	'GLEN'	,	'Glen'		);
INSERT INTO TYPE_RUE (ID, ABRÉVIATION, DÉSIGNATION) VALUES (	59	,	'GREEN'	,	'Green'		);
INSERT INTO TYPE_RUE (ID, ABRÉVIATION, DÉSIGNATION) VALUES (	60	,	'GRNDS'	,	'Grounds'	);
INSERT INTO TYPE_RUE (ID, ABRÉVIATION, DÉSIGNATION) VALUES (	61	,	'GROVE'	,	'Grove'		);
INSERT INTO TYPE_RUE (ID, ABRÉVIATION, DÉSIGNATION) VALUES (	62	,	'HARBR'	,	'Harbour'	);
INSERT INTO TYPE_RUE (ID, ABRÉVIATION, DÉSIGNATION) VALUES (	63	,	'HEATH'	,	'Heath'		);
INSERT INTO TYPE_RUE (ID, ABRÉVIATION, DÉSIGNATION) VALUES (	64	,	'HTS'	,	'Heights'	);
INSERT INTO TYPE_RUE (ID, ABRÉVIATION, DÉSIGNATION) VALUES (	65	,	'HGHLDS',	'Highlands'	);
INSERT INTO TYPE_RUE (ID, ABRÉVIATION, DÉSIGNATION) VALUES (	66	,	'HWY'	,	'Highway'	);
INSERT INTO TYPE_RUE (ID, ABRÉVIATION, DÉSIGNATION) VALUES (	67	,	'HILL'	,	'Hill'		);
INSERT INTO TYPE_RUE (ID, ABRÉVIATION, DÉSIGNATION) VALUES (	68	,	'HOLLOW',	'Hollow'	);
INSERT INTO TYPE_RUE (ID, ABRÉVIATION, DÉSIGNATION) VALUES (	69	,	'ÎLE'	,	'Île'		);
INSERT INTO TYPE_RUE (ID, ABRÉVIATION, DÉSIGNATION) VALUES (	70	,	'IMP'	,	'Impasse'	);
INSERT INTO TYPE_RUE (ID, ABRÉVIATION, DÉSIGNATION) VALUES (	71	,	'INLET'	,	'Inlet'		);
INSERT INTO TYPE_RUE (ID, ABRÉVIATION, DÉSIGNATION) VALUES (	72	,	'ISLAND',	'Island'	);
INSERT INTO TYPE_RUE (ID, ABRÉVIATION, DÉSIGNATION) VALUES (	73	,	'KEY'	,	'Key'		);
INSERT INTO TYPE_RUE (ID, ABRÉVIATION, DÉSIGNATION) VALUES (	74	,	'KNOLL'	,	'Knoll'		);
INSERT INTO TYPE_RUE (ID, ABRÉVIATION, DÉSIGNATION) VALUES (	75	,	'LANDNG',	'Landing'	);
INSERT INTO TYPE_RUE (ID, ABRÉVIATION, DÉSIGNATION) VALUES (	76	,	'LANE'	,	'Lane'		);
INSERT INTO TYPE_RUE (ID, ABRÉVIATION, DÉSIGNATION) VALUES (	77	,	'LMTS'	,	'Limits'	);
INSERT INTO TYPE_RUE (ID, ABRÉVIATION, DÉSIGNATION) VALUES (	78	,	'LINE'	,	'Line'		);
INSERT INTO TYPE_RUE (ID, ABRÉVIATION, DÉSIGNATION) VALUES (	79	,	'LINK'	,	'Link'		);
INSERT INTO TYPE_RUE (ID, ABRÉVIATION, DÉSIGNATION) VALUES (	80	,	'LKOUT'	,	'Lookout'	);
INSERT INTO TYPE_RUE (ID, ABRÉVIATION, DÉSIGNATION) VALUES (	81	,	'LOOP'	,	'Loop'		);
INSERT INTO TYPE_RUE (ID, ABRÉVIATION, DÉSIGNATION) VALUES (	82	,	'MALL'	,	'Mall'		);
INSERT INTO TYPE_RUE (ID, ABRÉVIATION, DÉSIGNATION) VALUES (	83	,	'MANOR'	,	'Manor'		);
INSERT INTO TYPE_RUE (ID, ABRÉVIATION, DÉSIGNATION) VALUES (	84	,	'MAZE'	,	'Maze'		);
INSERT INTO TYPE_RUE (ID, ABRÉVIATION, DÉSIGNATION) VALUES (	85	,	'MEADOW',	'Meadow'	);
INSERT INTO TYPE_RUE (ID, ABRÉVIATION, DÉSIGNATION) VALUES (	86	,	'MEWS'	,	'Mews'		);
INSERT INTO TYPE_RUE (ID, ABRÉVIATION, DÉSIGNATION) VALUES (	87	,	'MONTÉE',	'Montée'	);
INSERT INTO TYPE_RUE (ID, ABRÉVIATION, DÉSIGNATION) VALUES (	88	,	'MOOR'	,	'Moor'		);
INSERT INTO TYPE_RUE (ID, ABRÉVIATION, DÉSIGNATION) VALUES (	89	,	'MOUNT'	,	'Mount'		);
INSERT INTO TYPE_RUE (ID, ABRÉVIATION, DÉSIGNATION) VALUES (	90	,	'MTN'	,	'Mountain'	);
INSERT INTO TYPE_RUE (ID, ABRÉVIATION, DÉSIGNATION) VALUES (	91	,	'ORCH'	,	'Orchard'	);
INSERT INTO TYPE_RUE (ID, ABRÉVIATION, DÉSIGNATION) VALUES (	92	,	'PARADE',	'Parade'	);
INSERT INTO TYPE_RUE (ID, ABRÉVIATION, DÉSIGNATION) VALUES (	93	,	'PARC'	,	'Parc'		);
INSERT INTO TYPE_RUE (ID, ABRÉVIATION, DÉSIGNATION) VALUES (	94	,	'PK'	,	'Park'		);
INSERT INTO TYPE_RUE (ID, ABRÉVIATION, DÉSIGNATION) VALUES (	95	,	'PKY'	,	'Parkway'	);
INSERT INTO TYPE_RUE (ID, ABRÉVIATION, DÉSIGNATION) VALUES (	96	,	'PASS'	,	'Passage'	);
INSERT INTO TYPE_RUE (ID, ABRÉVIATION, DÉSIGNATION) VALUES (	97	,	'PATH'	,	'Path'		);
INSERT INTO TYPE_RUE (ID, ABRÉVIATION, DÉSIGNATION) VALUES (	98	,	'PTWAY'	,	'Pathway'	);
INSERT INTO TYPE_RUE (ID, ABRÉVIATION, DÉSIGNATION) VALUES (	99	,	'PINES'	,	'Pines'		);
INSERT INTO TYPE_RUE (ID, ABRÉVIATION, DÉSIGNATION) VALUES (	100	,	'PL'	,	'Place'		);
INSERT INTO TYPE_RUE (ID, ABRÉVIATION, DÉSIGNATION) VALUES (	101	,	'PLACE'	,	'Place'		);
INSERT INTO TYPE_RUE (ID, ABRÉVIATION, DÉSIGNATION) VALUES (	102	,	'PLAT'	,	'Plateau'	);
INSERT INTO TYPE_RUE (ID, ABRÉVIATION, DÉSIGNATION) VALUES (	103	,	'PLAZA'	,	'Plaza'		);
INSERT INTO TYPE_RUE (ID, ABRÉVIATION, DÉSIGNATION) VALUES (	104	,	'PT'	,	'Point'		);
INSERT INTO TYPE_RUE (ID, ABRÉVIATION, DÉSIGNATION) VALUES (	105	,	'POINTE',	'Pointe'	);
INSERT INTO TYPE_RUE (ID, ABRÉVIATION, DÉSIGNATION) VALUES (	106	,	'PORT'	,	'Port'		);
INSERT INTO TYPE_RUE (ID, ABRÉVIATION, DÉSIGNATION) VALUES (	107	,	'PVT'	,	'Private'	);
INSERT INTO TYPE_RUE (ID, ABRÉVIATION, DÉSIGNATION) VALUES (	108	,	'PROM'	,	'Promenade'	);
INSERT INTO TYPE_RUE (ID, ABRÉVIATION, DÉSIGNATION) VALUES (	109	,	'QUAI'	,	'Quai'		);
INSERT INTO TYPE_RUE (ID, ABRÉVIATION, DÉSIGNATION) VALUES (	110	,	'QUAY'	,	'Quay'		);
INSERT INTO TYPE_RUE (ID, ABRÉVIATION, DÉSIGNATION) VALUES (	111	,	'RAMP'	,	'Ramp'		);
INSERT INTO TYPE_RUE (ID, ABRÉVIATION, DÉSIGNATION) VALUES (	112	,	'RANG'	,	'Rang'		);
INSERT INTO TYPE_RUE (ID, ABRÉVIATION, DÉSIGNATION) VALUES (	113	,	'RG'	,	'Range'		);
INSERT INTO TYPE_RUE (ID, ABRÉVIATION, DÉSIGNATION) VALUES (	114	,	'RIDGE'	,	'Ridge'		);
INSERT INTO TYPE_RUE (ID, ABRÉVIATION, DÉSIGNATION) VALUES (	115	,	'RISE'	,	'Rise'		);
INSERT INTO TYPE_RUE (ID, ABRÉVIATION, DÉSIGNATION) VALUES (	116	,	'RD'	,	'Road'		);
INSERT INTO TYPE_RUE (ID, ABRÉVIATION, DÉSIGNATION) VALUES (	117	,	'RDPT'	,	'Rond-point');
INSERT INTO TYPE_RUE (ID, ABRÉVIATION, DÉSIGNATION) VALUES (	118	,	'RTE'	,	'Route'		);
INSERT INTO TYPE_RUE (ID, ABRÉVIATION, DÉSIGNATION) VALUES (	119	,	'ROW'	,	'Row'		);
INSERT INTO TYPE_RUE (ID, ABRÉVIATION, DÉSIGNATION) VALUES (	120	,	'RUE'	,	'Rue'		);
INSERT INTO TYPE_RUE (ID, ABRÉVIATION, DÉSIGNATION) VALUES (	121	,	'RLE'	,	'Ruelle'	);
INSERT INTO TYPE_RUE (ID, ABRÉVIATION, DÉSIGNATION) VALUES (	122	,	'RUN'	,	'Run'		);
INSERT INTO TYPE_RUE (ID, ABRÉVIATION, DÉSIGNATION) VALUES (	123	,	'SENT'	,	'Sentier'	);
INSERT INTO TYPE_RUE (ID, ABRÉVIATION, DÉSIGNATION) VALUES (	124	,	'SQ'	,	'Square'	);
INSERT INTO TYPE_RUE (ID, ABRÉVIATION, DÉSIGNATION) VALUES (	125	,	'ST'	,	'Street'	);
INSERT INTO TYPE_RUE (ID, ABRÉVIATION, DÉSIGNATION) VALUES (	126	,	'SUBDIV',	'Subdivision');
INSERT INTO TYPE_RUE (ID, ABRÉVIATION, DÉSIGNATION) VALUES (	127	,	'TERR'	,	'Terrace'	);
INSERT INTO TYPE_RUE (ID, ABRÉVIATION, DÉSIGNATION) VALUES (	128	,	'TSSE'	,	'Terrasse'	);
INSERT INTO TYPE_RUE (ID, ABRÉVIATION, DÉSIGNATION) VALUES (	129	,	'THICK'	,	'Thicket'	);
INSERT INTO TYPE_RUE (ID, ABRÉVIATION, DÉSIGNATION) VALUES (	130	,	'TOWERS',	'Towers'	);
INSERT INTO TYPE_RUE (ID, ABRÉVIATION, DÉSIGNATION) VALUES (	131	,	'TLINE'	,	'Townline'	);
INSERT INTO TYPE_RUE (ID, ABRÉVIATION, DÉSIGNATION) VALUES (	132	,	'TRAIL'	,	'Trail'		);
INSERT INTO TYPE_RUE (ID, ABRÉVIATION, DÉSIGNATION) VALUES (	133	,	'TRNABT',	'Turnabout'	);
INSERT INTO TYPE_RUE (ID, ABRÉVIATION, DÉSIGNATION) VALUES (	134	,	'VALE'	,	'Vale'		);
INSERT INTO TYPE_RUE (ID, ABRÉVIATION, DÉSIGNATION) VALUES (	135	,	'VIA'	,	'Via'		);
INSERT INTO TYPE_RUE (ID, ABRÉVIATION, DÉSIGNATION) VALUES (	136	,	'VIEW'	,	'View'		);
INSERT INTO TYPE_RUE (ID, ABRÉVIATION, DÉSIGNATION) VALUES (	137	,	'VILLGE',	'Village'	);
INSERT INTO TYPE_RUE (ID, ABRÉVIATION, DÉSIGNATION) VALUES (	138	,	'VILLAS',	'Villas'	);
INSERT INTO TYPE_RUE (ID, ABRÉVIATION, DÉSIGNATION) VALUES (	139	,	'VISTA'	,	'Vista'		);
INSERT INTO TYPE_RUE (ID, ABRÉVIATION, DÉSIGNATION) VALUES (	140	,	'VOIE'	,	'Voie'		);
INSERT INTO TYPE_RUE (ID, ABRÉVIATION, DÉSIGNATION) VALUES (	141	,	'WALK'	,	'Walk'		);
INSERT INTO TYPE_RUE (ID, ABRÉVIATION, DÉSIGNATION) VALUES (	142	,	'WAY'	,	'Way'		);
INSERT INTO TYPE_RUE (ID, ABRÉVIATION, DÉSIGNATION) VALUES (	143	,	'WHARF'	,	'Wharf'		);
INSERT INTO TYPE_RUE (ID, ABRÉVIATION, DÉSIGNATION) VALUES (	144	,	'WOOD'	,	'Wood'		);
INSERT INTO TYPE_RUE (ID, ABRÉVIATION, DÉSIGNATION) VALUES (	145	,	'WYND'	,	'Wynd'		);

SET IDENTITY_INSERT TYPE_RUE OFF;

-- SELECT c'est juste pour vérifier qu'on a reussi à créer la table
SELECT * from dbo.TYPE_RUE



DROP TABLE IF EXISTS POINT_CARDINAL;
CREATE TABLE POINT_CARDINAL
(ID		INT	IDENTITY(1,1)	PRIMARY KEY, 
ABRÉVIATION	NVARCHAR(100)	NOT NULL, 
DIRECTION	NVARCHAR(100) 	NOT NULL);

-- Inserer des données

SET IDENTITY_INSERT POINT_CARDINAL ON;

INSERT INTO POINT_CARDINAL (ID, ABRÉVIATION, DIRECTION) VALUES (	1	,	'E'		,	'Est'			);
INSERT INTO POINT_CARDINAL (ID, ABRÉVIATION, DIRECTION) VALUES (	2	,	'N'		,	'Nord'			);
INSERT INTO POINT_CARDINAL (ID, ABRÉVIATION, DIRECTION) VALUES (	3	,	'NE'	,	'Nord-est'		);
INSERT INTO POINT_CARDINAL (ID, ABRÉVIATION, DIRECTION) VALUES (	4	,	'NO'	,	'Nord-ouest'	);
INSERT INTO POINT_CARDINAL (ID, ABRÉVIATION, DIRECTION) VALUES (	5	,	'O'		,	'Ouest'			);
INSERT INTO POINT_CARDINAL (ID, ABRÉVIATION, DIRECTION) VALUES (	6	,	'S'		,	'Sud'			);
INSERT INTO POINT_CARDINAL (ID, ABRÉVIATION, DIRECTION) VALUES (	7	,	'SE'	,	'Sud-est'		);
INSERT INTO POINT_CARDINAL (ID, ABRÉVIATION, DIRECTION) VALUES (	8	,	'SO'	,	'Sud-ouest'		);

SET IDENTITY_INSERT POINT_CARDINAL OFF;

SELECT * from dbo.POINT_CARDINAL


DROP TABLE IF EXISTS TYPE_UNITÉ;
CREATE TABLE TYPE_UNITÉ
(ID		INT	IDENTITY(1,1)	PRIMARY KEY, 
ABRÉVIATION	NVARCHAR(100)	NOT NULL, 
NOM	NVARCHAR(100) 	NOT NULL);

-- Inserer des données

SET IDENTITY_INSERT TYPE_UNITÉ ON;

INSERT INTO TYPE_UNITÉ (ID, ABRÉVIATION, NOM) VALUES (	1	,	'APP'		,	'Appartement'	);
INSERT INTO TYPE_UNITÉ (ID, ABRÉVIATION, NOM) VALUES (	2	,	'BUREAU'	,	'Bureau'		);
INSERT INTO TYPE_UNITÉ (ID, ABRÉVIATION, NOM) VALUES (	3	,	'UNITÉ'		,	'Unité'			);
INSERT INTO TYPE_UNITÉ (ID, ABRÉVIATION, NOM) VALUES (	4	,	'APT'		,	'Apartment'		);
INSERT INTO TYPE_UNITÉ (ID, ABRÉVIATION, NOM) VALUES (	5	,	'SUITE'		,	'Suite'			);
INSERT INTO TYPE_UNITÉ (ID, ABRÉVIATION, NOM) VALUES (	6	,	'UNIT'		,	'Unit'			);
INSERT INTO TYPE_UNITÉ (ID, ABRÉVIATION, NOM) VALUES (	7	,	'ETAGE'		,	'Étage'			);
INSERT INTO TYPE_UNITÉ (ID, ABRÉVIATION, NOM) VALUES (	8	,	'FL'		,	'Floor'			);

SET IDENTITY_INSERT TYPE_UNITÉ OFF;

SELECT * from dbo.TYPE_UNITÉ



DROP TABLE IF EXISTS ADRESSE;
CREATE TABLE ADRESSE
(ID_ADRESSE INT IDENTITY(1,1) PRIMARY KEY,
NO_CIVIQUE INT NOT NULL,
TYPE_RUE_ID INT FOREIGN KEY REFERENCES TYPE_RUE(ID),
NOM NVARCHAR(100) NOT NULL,
PRÉPOSITION NVARCHAR(100),
POINT_CARDINAL_ID INT FOREIGN KEY REFERENCES POINT_CARDINAL(ID),
UNITÉ INT,
TYPE_UNITÉ_ID INT FOREIGN KEY REFERENCES TYPE_UNITÉ(ID),
CODE_POSTAL NVARCHAR(100) NOT NULL);

-- Inseres des données

SET IDENTITY_INSERT ADRESSE ON;

INSERT INTO ADRESSE (ID_ADRESSE, NO_CIVIQUE, TYPE_RUE_ID, NOM, PRÉPOSITION, POINT_CARDINAL_ID, UNITÉ, TYPE_UNITÉ_ID, CODE_POSTAL) VALUES (	1	,	2883	,	12	,	'ST-CHARLES'		,	NULL	,	NULL	,	NULL	,	NULL	,	'H9H3B5'	);
INSERT INTO ADRESSE (ID_ADRESSE, NO_CIVIQUE, TYPE_RUE_ID, NOM, PRÉPOSITION, POINT_CARDINAL_ID, UNITÉ, TYPE_UNITÉ_ID, CODE_POSTAL) VALUES (	2	,	14680	,	12	,	'PIERREFONDS'		,	'DE '	,	NULL	,	NULL	,	NULL	,	'H9H4Y6'	);
INSERT INTO ADRESSE (ID_ADRESSE, NO_CIVIQUE, TYPE_RUE_ID, NOM, PRÉPOSITION, POINT_CARDINAL_ID, UNITÉ, TYPE_UNITÉ_ID, CODE_POSTAL) VALUES (	3	,	4139	,	12	,	'SOURCES'			,	'DES '	,	NULL	,	NULL	,	NULL	,	'H9B2A6'	);
INSERT INTO ADRESSE (ID_ADRESSE, NO_CIVIQUE, TYPE_RUE_ID, NOM, PRÉPOSITION, POINT_CARDINAL_ID, UNITÉ, TYPE_UNITÉ_ID, CODE_POSTAL) VALUES (	4	,	395		,	12	,	'ST-JEAN'			,	NULL	,	NULL	,	NULL	,	NULL	,	'H9R3J2'	);
INSERT INTO ADRESSE (ID_ADRESSE, NO_CIVIQUE, TYPE_RUE_ID, NOM, PRÉPOSITION, POINT_CARDINAL_ID, UNITÉ, TYPE_UNITÉ_ID, CODE_POSTAL) VALUES (	5	,	1761	,	120	,	'GRENET'			,	NULL	,	NULL	,	NULL	,	NULL	,	'H4L2R6'	);
INSERT INTO ADRESSE (ID_ADRESSE, NO_CIVIQUE, TYPE_RUE_ID, NOM, PRÉPOSITION, POINT_CARDINAL_ID, UNITÉ, TYPE_UNITÉ_ID, CODE_POSTAL) VALUES (	6	,	170		,	7	,	'15E'				,	NULL	,	NULL	,	NULL	,	NULL	,	'H8S3L9'	);
INSERT INTO ADRESSE (ID_ADRESSE, NO_CIVIQUE, TYPE_RUE_ID, NOM, PRÉPOSITION, POINT_CARDINAL_ID, UNITÉ, TYPE_UNITÉ_ID, CODE_POSTAL) VALUES (	7	,	5501	,	7	,	'WESTMINSTER'		,	NULL	,	NULL	,	NULL	,	NULL	,	'H4W2J2'	);
INSERT INTO ADRESSE (ID_ADRESSE, NO_CIVIQUE, TYPE_RUE_ID, NOM, PRÉPOSITION, POINT_CARDINAL_ID, UNITÉ, TYPE_UNITÉ_ID, CODE_POSTAL) VALUES (	8	,	11756	,	12	,	'O''BRIEN'			,	NULL	,	NULL	,	NULL	,	NULL	,	'H4J1Y8'	);
INSERT INTO ADRESSE (ID_ADRESSE, NO_CIVIQUE, TYPE_RUE_ID, NOM, PRÉPOSITION, POINT_CARDINAL_ID, UNITÉ, TYPE_UNITÉ_ID, CODE_POSTAL) VALUES (	9	,	6255	,	120	,	'SOMERLED'			,	NULL	,	NULL	,	NULL	,	NULL	,	'H3X2B7'	);
INSERT INTO ADRESSE (ID_ADRESSE, NO_CIVIQUE, TYPE_RUE_ID, NOM, PRÉPOSITION, POINT_CARDINAL_ID, UNITÉ, TYPE_UNITÉ_ID, CODE_POSTAL) VALUES (	10	,	21		,	125	,	'STANTON'			,	NULL	,	NULL	,	NULL	,	NULL	,	'H3Y3B1'	);
INSERT INTO ADRESSE (ID_ADRESSE, NO_CIVIQUE, TYPE_RUE_ID, NOM, PRÉPOSITION, POINT_CARDINAL_ID, UNITÉ, TYPE_UNITÉ_ID, CODE_POSTAL) VALUES (	11	,	8745	,	12	,	'LASALLE'			,	NULL	,	NULL	,	NULL	,	NULL	,	'H8P1Z2'	);
INSERT INTO ADRESSE (ID_ADRESSE, NO_CIVIQUE, TYPE_RUE_ID, NOM, PRÉPOSITION, POINT_CARDINAL_ID, UNITÉ, TYPE_UNITÉ_ID, CODE_POSTAL) VALUES (	12	,	1625	,	7	,	'EGLISE'			,	'DE L''',	NULL	,	NULL	,	NULL	,	'H4E1G6'	);
INSERT INTO ADRESSE (ID_ADRESSE, NO_CIVIQUE, TYPE_RUE_ID, NOM, PRÉPOSITION, POINT_CARDINAL_ID, UNITÉ, TYPE_UNITÉ_ID, CODE_POSTAL) VALUES (	13	,	750		,	120	,	'WILLIBRORD'		,	NULL	,	NULL	,	NULL	,	NULL	,	'H4G2T9'	);
INSERT INTO ADRESSE (ID_ADRESSE, NO_CIVIQUE, TYPE_RUE_ID, NOM, PRÉPOSITION, POINT_CARDINAL_ID, UNITÉ, TYPE_UNITÉ_ID, CODE_POSTAL) VALUES (	14	,	1432	,	120	,	'STE-CATHERINE'		,	NULL	,	5		,	NULL	,	NULL	,	'H3G1R3'	);
INSERT INTO ADRESSE (ID_ADRESSE, NO_CIVIQUE, TYPE_RUE_ID, NOM, PRÉPOSITION, POINT_CARDINAL_ID, UNITÉ, TYPE_UNITÉ_ID, CODE_POSTAL) VALUES (	15	,	1669	,	120	,	'BERRI'				,	NULL	,	NULL	,	NULL	,	NULL	,	'H2L4E9'	);
INSERT INTO ADRESSE (ID_ADRESSE, NO_CIVIQUE, TYPE_RUE_ID, NOM, PRÉPOSITION, POINT_CARDINAL_ID, UNITÉ, TYPE_UNITÉ_ID, CODE_POSTAL) VALUES (	16	,	1200	,	7	,	'PAPINEAU'			,	NULL	,	NULL	,	NULL	,	NULL	,	'H2K4R5'	);
INSERT INTO ADRESSE (ID_ADRESSE, NO_CIVIQUE, TYPE_RUE_ID, NOM, PRÉPOSITION, POINT_CARDINAL_ID, UNITÉ, TYPE_UNITÉ_ID, CODE_POSTAL) VALUES (	17	,	4555	,	120	,	'HOCHELAGA'			,	NULL	,	NULL	,	NULL	,	NULL	,	'H1V1C2'	);
INSERT INTO ADRESSE (ID_ADRESSE, NO_CIVIQUE, TYPE_RUE_ID, NOM, PRÉPOSITION, POINT_CARDINAL_ID, UNITÉ, TYPE_UNITÉ_ID, CODE_POSTAL) VALUES (	18	,	7405	,	7	,	'MOUNTAIN-SIGHTS'	,	NULL	,	NULL	,	NULL	,	NULL	,	'H4P0B5'	);
INSERT INTO ADRESSE (ID_ADRESSE, NO_CIVIQUE, TYPE_RUE_ID, NOM, PRÉPOSITION, POINT_CARDINAL_ID, UNITÉ, TYPE_UNITÉ_ID, CODE_POSTAL) VALUES (	19	,	1805	,	120	,	'FLEURY'			,	NULL	,	1		,	NULL	,	NULL	,	'H2B1H7'	);
INSERT INTO ADRESSE (ID_ADRESSE, NO_CIVIQUE, TYPE_RUE_ID, NOM, PRÉPOSITION, POINT_CARDINAL_ID, UNITÉ, TYPE_UNITÉ_ID, CODE_POSTAL) VALUES (	20	,	8930	,	12	,	'PIE-IX'			,	NULL	,	NULL	,	NULL	,	NULL	,	'H1Z4H9'	);
INSERT INTO ADRESSE (ID_ADRESSE, NO_CIVIQUE, TYPE_RUE_ID, NOM, PRÉPOSITION, POINT_CARDINAL_ID, UNITÉ, TYPE_UNITÉ_ID, CODE_POSTAL) VALUES (	21	,	7920	,	12	,	'ST-LAURENT'		,	NULL	,	NULL	,	NULL	,	NULL	,	'H2R2Y2'	);
INSERT INTO ADRESSE (ID_ADRESSE, NO_CIVIQUE, TYPE_RUE_ID, NOM, PRÉPOSITION, POINT_CARDINAL_ID, UNITÉ, TYPE_UNITÉ_ID, CODE_POSTAL) VALUES (	22	,	855		,	12	,	'CREMAZIE'			,	NULL	,	1		,	NULL	,	NULL	,	'H3N1T7'	);
INSERT INTO ADRESSE (ID_ADRESSE, NO_CIVIQUE, TYPE_RUE_ID, NOM, PRÉPOSITION, POINT_CARDINAL_ID, UNITÉ, TYPE_UNITÉ_ID, CODE_POSTAL) VALUES (	23	,	920		,	120	,	'BELANGER'			,	NULL	,	NULL	,	NULL	,	NULL	,	'H2S3P4'	);
INSERT INTO ADRESSE (ID_ADRESSE, NO_CIVIQUE, TYPE_RUE_ID, NOM, PRÉPOSITION, POINT_CARDINAL_ID, UNITÉ, TYPE_UNITÉ_ID, CODE_POSTAL) VALUES (	24	,	1033	,	120	,	'RACHEL'			,	NULL	,	1		,	NULL	,	NULL	,	'H2J2J5'	);
INSERT INTO ADRESSE (ID_ADRESSE, NO_CIVIQUE, TYPE_RUE_ID, NOM, PRÉPOSITION, POINT_CARDINAL_ID, UNITÉ, TYPE_UNITÉ_ID, CODE_POSTAL) VALUES (	25	,	6100	,	12	,	'HENRI-BOURASSA'	,	NULL	,	NULL	,	NULL	,	NULL	,	'H1G5X3'	);
INSERT INTO ADRESSE (ID_ADRESSE, NO_CIVIQUE, TYPE_RUE_ID, NOM, PRÉPOSITION, POINT_CARDINAL_ID, UNITÉ, TYPE_UNITÉ_ID, CODE_POSTAL) VALUES (	26	,	8181	,	12	,	'LACORDAIRE'		,	NULL	,	NULL	,	NULL	,	NULL	,	'H1R2A3'	);
INSERT INTO ADRESSE (ID_ADRESSE, NO_CIVIQUE, TYPE_RUE_ID, NOM, PRÉPOSITION, POINT_CARDINAL_ID, UNITÉ, TYPE_UNITÉ_ID, CODE_POSTAL) VALUES (	27	,	4807	,	120	,	'MOLSON'			,	NULL	,	NULL	,	NULL	,	NULL	,	'H1Y0A2'	);
INSERT INTO ADRESSE (ID_ADRESSE, NO_CIVIQUE, TYPE_RUE_ID, NOM, PRÉPOSITION, POINT_CARDINAL_ID, UNITÉ, TYPE_UNITÉ_ID, CODE_POSTAL) VALUES (	28	,	8200	,	12	,	'MAURICE-DUPLESSIS'	,	NULL	,	NULL	,	NULL	,	NULL	,	'H1E2Y5'	);
INSERT INTO ADRESSE (ID_ADRESSE, NO_CIVIQUE, TYPE_RUE_ID, NOM, PRÉPOSITION, POINT_CARDINAL_ID, UNITÉ, TYPE_UNITÉ_ID, CODE_POSTAL) VALUES (	29	,	6850	,	12	,	'JOSEPH-RENAUD'		,	NULL	,	NULL	,	NULL	,	NULL	,	'H1K3V4'	);
INSERT INTO ADRESSE (ID_ADRESSE, NO_CIVIQUE, TYPE_RUE_ID, NOM, PRÉPOSITION, POINT_CARDINAL_ID, UNITÉ, TYPE_UNITÉ_ID, CODE_POSTAL) VALUES (	30	,	5646	,	120	,	'HOCHELAGA'			,	NULL	,	NULL	,	NULL	,	NULL	,	'H1N3T1'	);
INSERT INTO ADRESSE (ID_ADRESSE, NO_CIVIQUE, TYPE_RUE_ID, NOM, PRÉPOSITION, POINT_CARDINAL_ID, UNITÉ, TYPE_UNITÉ_ID, CODE_POSTAL) VALUES (	31	,	1498	,	12	,	'ST-JEAN-BAPTISTE'	,	NULL	,	NULL	,	NULL	,	NULL	,	'H1B4A4'	);
INSERT INTO ADRESSE (ID_ADRESSE, NO_CIVIQUE, TYPE_RUE_ID, NOM, PRÉPOSITION, POINT_CARDINAL_ID, UNITÉ, TYPE_UNITÉ_ID, CODE_POSTAL) VALUES (	32	,	888		,	12	,	'MAISONNEUVE'		,	'DE '	,	1		,	'800'	,	'5'		,	'H2L4M8'	);
INSERT INTO ADRESSE (ID_ADRESSE, NO_CIVIQUE, TYPE_RUE_ID, NOM, PRÉPOSITION, POINT_CARDINAL_ID, UNITÉ, TYPE_UNITÉ_ID, CODE_POSTAL) VALUES (	33	,	975		,	12	,	'ROMÉO-VACHON'		,	NULL	,	2		,	'1000'	,	'2'		,	'H4Y1H1'	);
INSERT INTO ADRESSE (ID_ADRESSE, NO_CIVIQUE, TYPE_RUE_ID, NOM, PRÉPOSITION, POINT_CARDINAL_ID, UNITÉ, TYPE_UNITÉ_ID, CODE_POSTAL) VALUES (	34	,	800		,	101	,	'LEIGH-CAPREOL'		,	NULL	,	NULL	,	'900'	,	'5'		,	'H4Y1H1'	);
INSERT INTO ADRESSE (ID_ADRESSE, NO_CIVIQUE, TYPE_RUE_ID, NOM, PRÉPOSITION, POINT_CARDINAL_ID, UNITÉ, TYPE_UNITÉ_ID, CODE_POSTAL) VALUES (	35	,	800		,	120	,	'GAUCHETIÈRE'		,	'DE LA ',	5		,	NULL	,	NULL	,	'H5A1J6'	);
INSERT INTO ADRESSE (ID_ADRESSE, NO_CIVIQUE, TYPE_RUE_ID, NOM, PRÉPOSITION, POINT_CARDINAL_ID, UNITÉ, TYPE_UNITÉ_ID, CODE_POSTAL) VALUES (	36	,	555		,	120	,	'CHABANEL'			,	NULL	,	5		,	'600'	,	'2'		,	'H2N2H8'	);
INSERT INTO ADRESSE (ID_ADRESSE, NO_CIVIQUE, TYPE_RUE_ID, NOM, PRÉPOSITION, POINT_CARDINAL_ID, UNITÉ, TYPE_UNITÉ_ID, CODE_POSTAL) VALUES (	37	,	7701	,	12	,	'LOUIS-H.-LA FONTAINE',	NULL	,	NULL	,	NULL	,	NULL	,	'H1K4B9'	);
INSERT INTO ADRESSE (ID_ADRESSE, NO_CIVIQUE, TYPE_RUE_ID, NOM, PRÉPOSITION, POINT_CARDINAL_ID, UNITÉ, TYPE_UNITÉ_ID, CODE_POSTAL) VALUES (	38	,	5160	,	12	,	'DÉCARIE'			,	NULL	,	NULL	,	NULL	,	NULL	,	'H3X2H9'	);
INSERT INTO ADRESSE (ID_ADRESSE, NO_CIVIQUE, TYPE_RUE_ID, NOM, PRÉPOSITION, POINT_CARDINAL_ID, UNITÉ, TYPE_UNITÉ_ID, CODE_POSTAL) VALUES (	39	,	1800	,	12	,	'SAINT-JOSEPH'		,	NULL	,	NULL	,	NULL	,	NULL	,	'H8S2N4'	);
INSERT INTO ADRESSE (ID_ADRESSE, NO_CIVIQUE, TYPE_RUE_ID, NOM, PRÉPOSITION, POINT_CARDINAL_ID, UNITÉ, TYPE_UNITÉ_ID, CODE_POSTAL) VALUES (	40	,	55		,	7	,	'DUPRAS'			,	NULL	,	NULL	,	NULL	,	NULL	,	'H8R4A8'	);
INSERT INTO ADRESSE (ID_ADRESSE, NO_CIVIQUE, TYPE_RUE_ID, NOM, PRÉPOSITION, POINT_CARDINAL_ID, UNITÉ, TYPE_UNITÉ_ID, CODE_POSTAL) VALUES (	41	,	201		,	7	,	'LAURIER'			,	NULL	,	1		,	'120'	,	'2'		,	'H2T3E6'	);
INSERT INTO ADRESSE (ID_ADRESSE, NO_CIVIQUE, TYPE_RUE_ID, NOM, PRÉPOSITION, POINT_CARDINAL_ID, UNITÉ, TYPE_UNITÉ_ID, CODE_POSTAL) VALUES (	42	,	815		,	120	,	'BEL-AIR'			,	NULL	,	NULL	,	'1'		,	'7'		,	'H4C2K4'	);
INSERT INTO ADRESSE (ID_ADRESSE, NO_CIVIQUE, TYPE_RUE_ID, NOM, PRÉPOSITION, POINT_CARDINAL_ID, UNITÉ, TYPE_UNITÉ_ID, CODE_POSTAL) VALUES (	43	,	350		,	87	,	'ÉGLISE'			,	'DE L''',	NULL	,	NULL	,	NULL	,	'H9C1G9'	);
INSERT INTO ADRESSE (ID_ADRESSE, NO_CIVIQUE, TYPE_RUE_ID, NOM, PRÉPOSITION, POINT_CARDINAL_ID, UNITÉ, TYPE_UNITÉ_ID, CODE_POSTAL) VALUES (	44	,	6854	,	120	,	'SHERBROOKE'		,	NULL	,	1		,	NULL	,	NULL	,	'H1N1E1'	);
INSERT INTO ADRESSE (ID_ADRESSE, NO_CIVIQUE, TYPE_RUE_ID, NOM, PRÉPOSITION, POINT_CARDINAL_ID, UNITÉ, TYPE_UNITÉ_ID, CODE_POSTAL) VALUES (	45	,	4243	,	120	,	'CHARLEROI'			,	'DE '	,	NULL	,	NULL	,	NULL	,	'H1H5R5'	);
INSERT INTO ADRESSE (ID_ADRESSE, NO_CIVIQUE, TYPE_RUE_ID, NOM, PRÉPOSITION, POINT_CARDINAL_ID, UNITÉ, TYPE_UNITÉ_ID, CODE_POSTAL) VALUES (	46	,	543		,	23	,	'CÔTE-SAINTE-CATHERINE','DE LA ',	NULL	,	NULL	,	NULL	,	'H2V4R2'	);
INSERT INTO ADRESSE (ID_ADRESSE, NO_CIVIQUE, TYPE_RUE_ID, NOM, PRÉPOSITION, POINT_CARDINAL_ID, UNITÉ, TYPE_UNITÉ_ID, CODE_POSTAL) VALUES (	47	,	13655	,	12	,	'PIERREFONDS'		,	'DE '	,	NULL	,	NULL	,	NULL	,	'H9A2Z4'	);
INSERT INTO ADRESSE (ID_ADRESSE, NO_CIVIQUE, TYPE_RUE_ID, NOM, PRÉPOSITION, POINT_CARDINAL_ID, UNITÉ, TYPE_UNITÉ_ID, CODE_POSTAL) VALUES (	48	,	8910	,	12	,	'MAURICE-DUPLESSIS'	,	NULL	,	NULL	,	NULL	,	NULL	,	'H1E6X5'	);
INSERT INTO ADRESSE (ID_ADRESSE, NO_CIVIQUE, TYPE_RUE_ID, NOM, PRÉPOSITION, POINT_CARDINAL_ID, UNITÉ, TYPE_UNITÉ_ID, CODE_POSTAL) VALUES (	49	,	5650	,	120	,	'IBERVILLE'			,	'D'''	,	NULL	,	NULL	,	NULL	,	'H2G2B3'	);
INSERT INTO ADRESSE (ID_ADRESSE, NO_CIVIQUE, TYPE_RUE_ID, NOM, PRÉPOSITION, POINT_CARDINAL_ID, UNITÉ, TYPE_UNITÉ_ID, CODE_POSTAL) VALUES (	50	,	777		,	12	,	'MARCEL-LAURIN'		,	NULL	,	NULL	,	NULL	,	NULL	,	'H4M2M7'	);
INSERT INTO ADRESSE (ID_ADRESSE, NO_CIVIQUE, TYPE_RUE_ID, NOM, PRÉPOSITION, POINT_CARDINAL_ID, UNITÉ, TYPE_UNITÉ_ID, CODE_POSTAL) VALUES (	51	,	8400	,	12	,	'LACORDAIRE'		,	NULL	,	NULL	,	NULL	,	NULL	,	'H1R3B1'	);
INSERT INTO ADRESSE (ID_ADRESSE, NO_CIVIQUE, TYPE_RUE_ID, NOM, PRÉPOSITION, POINT_CARDINAL_ID, UNITÉ, TYPE_UNITÉ_ID, CODE_POSTAL) VALUES (	52	,	4555	,	120	,	'VERDUN'			,	'DE '	,	NULL	,	'104'	,	'2'		,	'H4G1M4'	);
INSERT INTO ADRESSE (ID_ADRESSE, NO_CIVIQUE, TYPE_RUE_ID, NOM, PRÉPOSITION, POINT_CARDINAL_ID, UNITÉ, TYPE_UNITÉ_ID, CODE_POSTAL) VALUES (	53	,	800		,	12	,	'MAISONNEUVE'		,	'DE '	,	1		,	'17'	,	'7'		,	'H2L4L8'	);
INSERT INTO ADRESSE (ID_ADRESSE, NO_CIVIQUE, TYPE_RUE_ID, NOM, PRÉPOSITION, POINT_CARDINAL_ID, UNITÉ, TYPE_UNITÉ_ID, CODE_POSTAL) VALUES (	54	,	405		,	7	,	'OGILVY'			,	NULL	,	NULL	,	'100'	,	'2'		,	'H3N1M3'	);
INSERT INTO ADRESSE (ID_ADRESSE, NO_CIVIQUE, TYPE_RUE_ID, NOM, PRÉPOSITION, POINT_CARDINAL_ID, UNITÉ, TYPE_UNITÉ_ID, CODE_POSTAL) VALUES (	70	,	275		,	120	,	'NOTRE-DAME'		,	NULL	,	1		,	NULL	,	NULL	,	'H2Y1C6'	);
INSERT INTO ADRESSE (ID_ADRESSE, NO_CIVIQUE, TYPE_RUE_ID, NOM, PRÉPOSITION, POINT_CARDINAL_ID, UNITÉ, TYPE_UNITÉ_ID, CODE_POSTAL) VALUES (	71	,	20410	,	23	,	'LAKESHORE'			,	NULL	,	NULL	,	NULL	,	NULL	,	'H9X1P7'	);
INSERT INTO ADRESSE (ID_ADRESSE, NO_CIVIQUE, TYPE_RUE_ID, NOM, PRÉPOSITION, POINT_CARDINAL_ID, UNITÉ, TYPE_UNITÉ_ID, CODE_POSTAL) VALUES (	72	,	303		,	12	,	'BEACONSFIELD'		,	NULL	,	NULL	,	NULL	,	NULL	,	'H9W4A7'	);
INSERT INTO ADRESSE (ID_ADRESSE, NO_CIVIQUE, TYPE_RUE_ID, NOM, PRÉPOSITION, POINT_CARDINAL_ID, UNITÉ, TYPE_UNITÉ_ID, CODE_POSTAL) VALUES (	73	,	5801	,	12	,	'CAVENDISH'			,	NULL	,	NULL	,	NULL	,	NULL	,	'H4W3C3'	);
INSERT INTO ADRESSE (ID_ADRESSE, NO_CIVIQUE, TYPE_RUE_ID, NOM, PRÉPOSITION, POINT_CARDINAL_ID, UNITÉ, TYPE_UNITÉ_ID, CODE_POSTAL) VALUES (	74	,	12001	,	12	,	'SALABERRY'			,	'DE '	,	NULL	,	NULL	,	NULL	,	'H9B2A7'	);
INSERT INTO ADRESSE (ID_ADRESSE, NO_CIVIQUE, TYPE_RUE_ID, NOM, PRÉPOSITION, POINT_CARDINAL_ID, UNITÉ, TYPE_UNITÉ_ID, CODE_POSTAL) VALUES (	75	,	60		,	7	,	'MARTIN'			,	NULL	,	NULL	,	NULL	,	NULL	,	'H9S3R4'	);
INSERT INTO ADRESSE (ID_ADRESSE, NO_CIVIQUE, TYPE_RUE_ID, NOM, PRÉPOSITION, POINT_CARDINAL_ID, UNITÉ, TYPE_UNITÉ_ID, CODE_POSTAL) VALUES (	76	,	5569	,	23	,	'QUEEN MARY'		,	NULL	,	NULL	,	NULL	,	NULL	,	'H3X1W5'	);
INSERT INTO ADRESSE (ID_ADRESSE, NO_CIVIQUE, TYPE_RUE_ID, NOM, PRÉPOSITION, POINT_CARDINAL_ID, UNITÉ, TYPE_UNITÉ_ID, CODE_POSTAL) VALUES (	77	,	17200	,	12	,	'HYMUS'				,	NULL	,	NULL	,	NULL	,	NULL	,	'H9J3Y8'	);
INSERT INTO ADRESSE (ID_ADRESSE, NO_CIVIQUE, TYPE_RUE_ID, NOM, PRÉPOSITION, POINT_CARDINAL_ID, UNITÉ, TYPE_UNITÉ_ID, CODE_POSTAL) VALUES (	78	,	11370	,	120	,	'NOTRE-DAME'		,	NULL	,	NULL	,	'5'		,	'7'		,	'H1B2W6'	);
INSERT INTO ADRESSE (ID_ADRESSE, NO_CIVIQUE, TYPE_RUE_ID, NOM, PRÉPOSITION, POINT_CARDINAL_ID, UNITÉ, TYPE_UNITÉ_ID, CODE_POSTAL) VALUES (	79	,	50		,	7	,	'WESTMINSTER'		,	NULL	,	6		,	NULL	,	NULL	,	'H4X1Y7'	);
INSERT INTO ADRESSE (ID_ADRESSE, NO_CIVIQUE, TYPE_RUE_ID, NOM, PRÉPOSITION, POINT_CARDINAL_ID, UNITÉ, TYPE_UNITÉ_ID, CODE_POSTAL) VALUES (	80	,	90		,	7	,	'ROOSEVELT'			,	NULL	,	NULL	,	NULL	,	NULL	,	'H3R1Z5'	);
INSERT INTO ADRESSE (ID_ADRESSE, NO_CIVIQUE, TYPE_RUE_ID, NOM, PRÉPOSITION, POINT_CARDINAL_ID, UNITÉ, TYPE_UNITÉ_ID, CODE_POSTAL) VALUES (	81	,	451		,	12	,	'SAINT-JEAN'		,	NULL	,	NULL	,	NULL	,	NULL	,	'H9R3J3'	);
INSERT INTO ADRESSE (ID_ADRESSE, NO_CIVIQUE, TYPE_RUE_ID, NOM, PRÉPOSITION, POINT_CARDINAL_ID, UNITÉ, TYPE_UNITÉ_ID, CODE_POSTAL) VALUES (	82	,	109		,	120	,	'SAINTE-ANNE'		,	NULL	,	NULL	,	NULL	,	NULL	,	'H9X1M2'	);
INSERT INTO ADRESSE (ID_ADRESSE, NO_CIVIQUE, TYPE_RUE_ID, NOM, PRÉPOSITION, POINT_CARDINAL_ID, UNITÉ, TYPE_UNITÉ_ID, CODE_POSTAL) VALUES (	83	,	35		,	23	,	'SENNEVILLE'		,	'DE '	,	NULL	,	NULL	,	NULL	,	'H9X1B8'	);
INSERT INTO ADRESSE (ID_ADRESSE, NO_CIVIQUE, TYPE_RUE_ID, NOM, PRÉPOSITION, POINT_CARDINAL_ID, UNITÉ, TYPE_UNITÉ_ID, CODE_POSTAL) VALUES (	84	,	4333	,	120	,	'SHERBROOKE'		,	NULL	,	5		,	NULL	,	NULL	,	'H3Z1E2'	);

SET IDENTITY_INSERT ADRESSE OFF;

SELECT * from dbo.ADRESSE


DROP TABLE IF EXISTS VILLE;
CREATE TABLE VILLE
(ID_VILLE		NVARCHAR(7)	PRIMARY KEY, 
[POPULATION]	INT	NOT NULL, 
NB_LOGEMENTS	INT,
SUPERFICIE_TERRESTRE INT NOT NULL);


SELECT * from dbo.VILLE

-- Ville a une heritage mutuellement excusif avec Division_Administrative. 
-- Donc, il faut créer un trigger pour vérifier si les ID doublent. 

DROP TRIGGER IF EXISTS trg_PreventDuplicateID_Ville;
GO

CREATE TRIGGER trg_PreventDuplicateID_Ville
ON VILLE
AFTER INSERT
AS
BEGIN

    IF EXISTS (
        SELECT I.ID_VILLE
        FROM inserted I
        JOIN VILLE AS V ON I.ID_VILLE = V.ID_VILLE
    )
    BEGIN
        -- Si des valeurs en double sont trouvées, une erreur est soulevée
        PRINT 'ErrorNumber = ' + CAST(ERROR_NUMBER() AS CHAR(10));
        PRINT 'ErrorSeverity = ' + CAST(ERROR_SEVERITY() AS CHAR(10));
        PRINT 'ErrorLine = ' + CAST(ERROR_LINE() AS CHAR(10));
        PRINT 'ErrorMessage = ' + CAST(ERROR_MESSAGE() AS CHAR(400));
    END
END;




-- Inserer des données

INSERT INTO VILLE (ID_VILLE, [POPULATION], NB_LOGEMENTS, SUPERFICIE_TERRESTRE) VALUES (	'66023'	,	1825208		,	NULL	,	363940000);
INSERT INTO VILLE (ID_VILLE, [POPULATION], NB_LOGEMENTS, SUPERFICIE_TERRESTRE) VALUES (	'66112'	,	3944		,	1437	,	6030000	);
INSERT INTO VILLE (ID_VILLE, [POPULATION], NB_LOGEMENTS, SUPERFICIE_TERRESTRE) VALUES (	'66107'	,	19942		,	6937	,	11000000);
INSERT INTO VILLE (ID_VILLE, [POPULATION], NB_LOGEMENTS, SUPERFICIE_TERRESTRE) VALUES (	'66058'	,	35117		,	15379	,	6810000	);
INSERT INTO VILLE (ID_VILLE, [POPULATION], NB_LOGEMENTS, SUPERFICIE_TERRESTRE) VALUES (	'66142'	,	50302		,	17822	,	14990000);
INSERT INTO VILLE (ID_VILLE, [POPULATION], NB_LOGEMENTS, SUPERFICIE_TERRESTRE) VALUES (	'66087'	,	19907		,	9152	,	20830000);
INSERT INTO VILLE (ID_VILLE, [POPULATION], NB_LOGEMENTS, SUPERFICIE_TERRESTRE) VALUES (	'66062'	,	7472		,	2672	,	1770000	);
INSERT INTO VILLE (ID_VILLE, [POPULATION], NB_LOGEMENTS, SUPERFICIE_TERRESTRE) VALUES (	'66102'	,	20046		,	6989	,	9620000	);
INSERT INTO VILLE (ID_VILLE, [POPULATION], NB_LOGEMENTS, SUPERFICIE_TERRESTRE) VALUES (	'66007'	,	4094		,	1996	,	12220000);
INSERT INTO VILLE (ID_VILLE, [POPULATION], NB_LOGEMENTS, SUPERFICIE_TERRESTRE) VALUES (	'66047'	,	5300		,	1982	,	1420000	);
INSERT INTO VILLE (ID_VILLE, [POPULATION], NB_LOGEMENTS, SUPERFICIE_TERRESTRE) VALUES (	'66072'	,	21844		,	8383	,	7460000	);
INSERT INTO VILLE (ID_VILLE, [POPULATION], NB_LOGEMENTS, SUPERFICIE_TERRESTRE) VALUES (	'66097'	,	33714		,	14381	,	18940000);
INSERT INTO VILLE (ID_VILLE, [POPULATION], NB_LOGEMENTS, SUPERFICIE_TERRESTRE) VALUES (	'66117'	,	5048		,	2183	,	10570000);
INSERT INTO VILLE (ID_VILLE, [POPULATION], NB_LOGEMENTS, SUPERFICIE_TERRESTRE) VALUES (	'66127'	,	973			,	369		,	7240000	);
INSERT INTO VILLE (ID_VILLE, [POPULATION], NB_LOGEMENTS, SUPERFICIE_TERRESTRE) VALUES (	'66032'	,	21152		,	9111	,	4020000	);

SELECT * FROM VILLE

DROP TABLE IF EXISTS ENTITÉ;
CREATE TABLE ENTITÉ
(ID_ENTITÉ	NVARCHAR(7)	PRIMARY KEY, 
ID_VILLE NVARCHAR(7) FOREIGN KEY REFERENCES VILLE(ID_VILLE), 
[DESCRIPTION]	NVARCHAR(100) NOT NULL,
NOM_CODE NVARCHAR(3) NOT NULL);

SELECT * from dbo.ENTITÉ


-- Créer un trigger
DROP TRIGGER IF EXISTS trg_PreventDuplicateID_Entité;
GO

CREATE TRIGGER trg_PreventDuplicateID_Entité
ON ENTITÉ
AFTER INSERT
AS
BEGIN

    IF EXISTS (
        SELECT I.ID_ENTITÉ
        FROM inserted I
        JOIN ENTITÉ AS E ON I.ID_ENTITÉ = E.ID_ENTITÉ
    )
    BEGIN
        -- Si des valeurs en double sont trouvées, une erreur est soulevée
        PRINT 'ErrorNumber = ' + CAST(ERROR_NUMBER() AS CHAR(10));
        PRINT 'ErrorSeverity = ' + CAST(ERROR_SEVERITY() AS CHAR(10));
        PRINT 'ErrorLine = ' + CAST(ERROR_LINE() AS CHAR(10));
        PRINT 'ErrorMessage = ' + CAST(ERROR_MESSAGE() AS CHAR(400));
    END
END;



-- INSERER DES DONNÉES

INSERT INTO ENTITÉ (ID_ENTITÉ, ID_VILLE, [DESCRIPTION], NOM_CODE) VALUES (	'9901'	,	'66087'	,	'Aéroport international principal de la ville de Montréal'	,	'YUL'	);
INSERT INTO ENTITÉ (ID_ENTITÉ, ID_VILLE, [DESCRIPTION], NOM_CODE) VALUES (	'9902'	,	'66023'	,	'Société de transport de la ville  de montréal'				,	'STM'	);



SELECT * FROM ENTITÉ



DROP TABLE IF EXISTS ARRONDISSEMENT ;
CREATE TABLE ARRONDISSEMENT 
(ID_ARRONDISSEMENT		NVARCHAR(10)	PRIMARY KEY, 
ID_VILLE NVARCHAR(7) FOREIGN KEY REFERENCES VILLE(ID_VILLE), 
SUPERFICIE INT,
PERIMÈTRE  INT);

SELECT * from dbo.ARRONDISSEMENT

-- trigger
DROP TRIGGER IF EXISTS trg_PreventDuplicateID_Arrondissement;
GO

CREATE TRIGGER trg_PreventDuplicateID_Arrondissement
ON ARRONDISSEMENT
AFTER INSERT
AS
BEGIN

    IF EXISTS (
        SELECT I.ID_ARRONDISSEMENT
        FROM inserted I
        JOIN ARRONDISSEMENT AS A ON I.ID_ARRONDISSEMENT = A.ID_ARRONDISSEMENT
    )
    BEGIN
        -- Si des valeurs en double sont trouvées, une erreur est soulevée
        PRINT 'ErrorNumber = ' + CAST(ERROR_NUMBER() AS CHAR(10));
        PRINT 'ErrorSeverity = ' + CAST(ERROR_SEVERITY() AS CHAR(10));
        PRINT 'ErrorLine = ' + CAST(ERROR_LINE() AS CHAR(10));
        PRINT 'ErrorMessage = ' + CAST(ERROR_MESSAGE() AS CHAR(400));
    END
END;




-- Inserer des données


INSERT INTO ARRONDISSEMENT (ID_ARRONDISSEMENT, ID_VILLE, SUPERFICIE, PERIMÈTRE) VALUES (	'REM23'	,	'66023'	,	25571187.48	,	37790.09723	);
INSERT INTO ARRONDISSEMENT (ID_ARRONDISSEMENT, ID_VILLE, SUPERFICIE, PERIMÈTRE) VALUES (	'REM9'	,	'66023'	,	13878193.71	,	18275.94733	);
INSERT INTO ARRONDISSEMENT (ID_ARRONDISSEMENT, ID_VILLE, SUPERFICIE, PERIMÈTRE) VALUES (	'REM34'	,	'66023'	,	21483754.69	,	35557.9541	);
INSERT INTO ARRONDISSEMENT (ID_ARRONDISSEMENT, ID_VILLE, SUPERFICIE, PERIMÈTRE) VALUES (	'REM27'	,	'66023'	,	23127785.99	,	25399.52601	);
INSERT INTO ARRONDISSEMENT (ID_ARRONDISSEMENT, ID_VILLE, SUPERFICIE, PERIMÈTRE) VALUES (	'REM17'	,	'66023'	,	25197267.82	,	25259.84947	);
INSERT INTO ARRONDISSEMENT (ID_ARRONDISSEMENT, ID_VILLE, SUPERFICIE, PERIMÈTRE) VALUES (	'REM21'	,	'66023'	,	8151665.08	,	13158.32801	);
INSERT INTO ARRONDISSEMENT (ID_ARRONDISSEMENT, ID_VILLE, SUPERFICIE, PERIMÈTRE) VALUES (	'REM20'	,	'66023'	,	18144269.49	,	29633.16133	);
INSERT INTO ARRONDISSEMENT (ID_ARRONDISSEMENT, ID_VILLE, SUPERFICIE, PERIMÈTRE) VALUES (	'REM32'	,	'66023'	,	36532506.08	,	28399.24836	);
INSERT INTO ARRONDISSEMENT (ID_ARRONDISSEMENT, ID_VILLE, SUPERFICIE, PERIMÈTRE) VALUES (	'REM22'	,	'66023'	,	27408411.87	,	33178.81302	);
INSERT INTO ARRONDISSEMENT (ID_ARRONDISSEMENT, ID_VILLE, SUPERFICIE, PERIMÈTRE) VALUES (	'REM16'	,	'66023'	,	12430208.23	,	16416.94105	);
INSERT INTO ARRONDISSEMENT (ID_ARRONDISSEMENT, ID_VILLE, SUPERFICIE, PERIMÈTRE) VALUES (	'REM5'	,	'66023'	,	3813355.72	,	10836.67063	);
INSERT INTO ARRONDISSEMENT (ID_ARRONDISSEMENT, ID_VILLE, SUPERFICIE, PERIMÈTRE) VALUES (	'REM31'	,	'66023'	,	33765273.41	,	51360.09273	);
INSERT INTO ARRONDISSEMENT (ID_ARRONDISSEMENT, ID_VILLE, SUPERFICIE, PERIMÈTRE) VALUES (	'REM33'	,	'66023'	,	50047004.47	,	38573.06764	);
INSERT INTO ARRONDISSEMENT (ID_ARRONDISSEMENT, ID_VILLE, SUPERFICIE, PERIMÈTRE) VALUES (	'REM24'	,	'66023'	,	15886530.27	,	19394.16384	);
INSERT INTO ARRONDISSEMENT (ID_ARRONDISSEMENT, ID_VILLE, SUPERFICIE, PERIMÈTRE) VALUES (	'REM15'	,	'66023'	,	43077847.48	,	36589.40756	);
INSERT INTO ARRONDISSEMENT (ID_ARRONDISSEMENT, ID_VILLE, SUPERFICIE, PERIMÈTRE) VALUES (	'REM14'	,	'66023'	,	13550689.46	,	16325.54442	);
INSERT INTO ARRONDISSEMENT (ID_ARRONDISSEMENT, ID_VILLE, SUPERFICIE, PERIMÈTRE) VALUES (	'REM12'	,	'66023'	,	NULL		,	NULL	);
INSERT INTO ARRONDISSEMENT (ID_ARRONDISSEMENT, ID_VILLE, SUPERFICIE, PERIMÈTRE) VALUES (	'REM19'	,	'66023'	,	NULL		,	NULL	);
INSERT INTO ARRONDISSEMENT (ID_ARRONDISSEMENT, ID_VILLE, SUPERFICIE, PERIMÈTRE) VALUES (	'REM25'	,	'66023'	,	NULL		,	NULL	);


SELECT * FROM ARRONDISSEMENT


DROP TABLE IF EXISTS DIVISION_ADMINISTRATIVE; 
CREATE TABLE DIVISION_ADMINISTRATIVE
(ID_DIVISION NVARCHAR(10) PRIMARY KEY,
ID_ADRESSE INT FOREIGN KEY REFERENCES Adresse(ID_Adresse));

SELECT * from dbo.DIVISION_ADMINISTRATIVE

-- trigger
DROP TRIGGER IF EXISTS trg_PreventDuplicateID_Division_Administrative;
GO

CREATE TRIGGER trg_PreventDuplicateID_Division_Administrative
ON DIVISION_ADMINISTRATIVE
AFTER INSERT
AS
BEGIN

    IF EXISTS (
        SELECT I.ID_DIVISION 
        FROM inserted I
        JOIN DIVISION_ADMINISTRATIVE AS D ON I.ID_DIVISION  = D.ID_DIVISION 
    )
    BEGIN
        -- Si des valeurs en double sont trouvées, une erreur est soulevée
        PRINT 'ErrorNumber = ' + CAST(ERROR_NUMBER() AS CHAR(10));
        PRINT 'ErrorSeverity = ' + CAST(ERROR_SEVERITY() AS CHAR(10));
        PRINT 'ErrorLine = ' + CAST(ERROR_LINE() AS CHAR(10));
        PRINT 'ErrorMessage = ' + CAST(ERROR_MESSAGE() AS CHAR(400));
    END
END;


--  Inserer des données

INSERT INTO DIVISION_ADMINISTRATIVE (ID_DIVISION, ID_ADRESSE) VALUES (	'9901'	,	34	);
INSERT INTO DIVISION_ADMINISTRATIVE (ID_DIVISION, ID_ADRESSE) VALUES (	'REM23'	,	36	);
INSERT INTO DIVISION_ADMINISTRATIVE (ID_DIVISION, ID_ADRESSE) VALUES (	'REM9'	,	37	);
INSERT INTO DIVISION_ADMINISTRATIVE (ID_DIVISION, ID_ADRESSE) VALUES (	'REM34'	,	38	);
INSERT INTO DIVISION_ADMINISTRATIVE (ID_DIVISION, ID_ADRESSE) VALUES (	'REM27'	,	39	);
INSERT INTO DIVISION_ADMINISTRATIVE (ID_DIVISION, ID_ADRESSE) VALUES (	'REM17'	,	40	);
INSERT INTO DIVISION_ADMINISTRATIVE (ID_DIVISION, ID_ADRESSE) VALUES (	'REM21'	,	41	);
INSERT INTO DIVISION_ADMINISTRATIVE (ID_DIVISION, ID_ADRESSE) VALUES (	'REM20'	,	42	);
INSERT INTO DIVISION_ADMINISTRATIVE (ID_DIVISION, ID_ADRESSE) VALUES (	'REM32'	,	43	);
INSERT INTO DIVISION_ADMINISTRATIVE (ID_DIVISION, ID_ADRESSE) VALUES (	'REM22'	,	44	);
INSERT INTO DIVISION_ADMINISTRATIVE (ID_DIVISION, ID_ADRESSE) VALUES (	'9902'	,	35	);
INSERT INTO DIVISION_ADMINISTRATIVE (ID_DIVISION, ID_ADRESSE) VALUES (	'REM16'	,	45	);
INSERT INTO DIVISION_ADMINISTRATIVE (ID_DIVISION, ID_ADRESSE) VALUES (	'REM5'	,	46	);
INSERT INTO DIVISION_ADMINISTRATIVE (ID_DIVISION, ID_ADRESSE) VALUES (	'REM31'	,	47	);
INSERT INTO DIVISION_ADMINISTRATIVE (ID_DIVISION, ID_ADRESSE) VALUES (	'REM33'	,	48	);
INSERT INTO DIVISION_ADMINISTRATIVE (ID_DIVISION, ID_ADRESSE) VALUES (	'REM24'	,	49	);
INSERT INTO DIVISION_ADMINISTRATIVE (ID_DIVISION, ID_ADRESSE) VALUES (	'REM15'	,	50	);
INSERT INTO DIVISION_ADMINISTRATIVE (ID_DIVISION, ID_ADRESSE) VALUES (	'REM14'	,	51	);
INSERT INTO DIVISION_ADMINISTRATIVE (ID_DIVISION, ID_ADRESSE) VALUES (	'REM12'	,	52	);
INSERT INTO DIVISION_ADMINISTRATIVE (ID_DIVISION, ID_ADRESSE) VALUES (	'REM19'	,	53	);
INSERT INTO DIVISION_ADMINISTRATIVE (ID_DIVISION, ID_ADRESSE) VALUES (	'REM25'	,	54	);
INSERT INTO DIVISION_ADMINISTRATIVE (ID_DIVISION, ID_ADRESSE) VALUES (	'66023'	,	70	);
INSERT INTO DIVISION_ADMINISTRATIVE (ID_DIVISION, ID_ADRESSE) VALUES (	'66112'	,	71	);
INSERT INTO DIVISION_ADMINISTRATIVE (ID_DIVISION, ID_ADRESSE) VALUES (	'66107'	,	72	);
INSERT INTO DIVISION_ADMINISTRATIVE (ID_DIVISION, ID_ADRESSE) VALUES (	'66058'	,	73	);
INSERT INTO DIVISION_ADMINISTRATIVE (ID_DIVISION, ID_ADRESSE) VALUES (	'66142'	,	74	);
INSERT INTO DIVISION_ADMINISTRATIVE (ID_DIVISION, ID_ADRESSE) VALUES (	'66087'	,	75	);
INSERT INTO DIVISION_ADMINISTRATIVE (ID_DIVISION, ID_ADRESSE) VALUES (	'66062'	,	76	);
INSERT INTO DIVISION_ADMINISTRATIVE (ID_DIVISION, ID_ADRESSE) VALUES (	'66102'	,	77	);
INSERT INTO DIVISION_ADMINISTRATIVE (ID_DIVISION, ID_ADRESSE) VALUES (	'66007'	,	78	);
INSERT INTO DIVISION_ADMINISTRATIVE (ID_DIVISION, ID_ADRESSE) VALUES (	'66047'	,	79	);
INSERT INTO DIVISION_ADMINISTRATIVE (ID_DIVISION, ID_ADRESSE) VALUES (	'66072'	,	80	);
INSERT INTO DIVISION_ADMINISTRATIVE (ID_DIVISION, ID_ADRESSE) VALUES (	'66097'	,	81	);
INSERT INTO DIVISION_ADMINISTRATIVE (ID_DIVISION, ID_ADRESSE) VALUES (	'66117'	,	82	);
INSERT INTO DIVISION_ADMINISTRATIVE (ID_DIVISION, ID_ADRESSE) VALUES (	'66127'	,	83	);
INSERT INTO DIVISION_ADMINISTRATIVE (ID_DIVISION, ID_ADRESSE) VALUES (	'66032'	,	84	);

SELECT * FROM DIVISION_ADMINISTRATIVE


DROP TABLE IF EXISTS CATÉGORIE_INTERVENTION ;
CREATE TABLE CATÉGORIE_INTERVENTION 
(ID INT IDENTITY (1,1) PRIMARY KEY, 
LIBELLÉ NVARCHAR(100) NOT NULL,
[DESCRIPTION] NVARCHAR(1000) NOT NULL);

SELECT * from dbo.CATÉGORIE_INTERVENTION 

--DONNÉES
SET IDENTITY_INSERT CATÉGORIE_INTERVENTION ON;

INSERT INTO CATÉGORIE_INTERVENTION (ID, LIBELLÉ, [DESCRIPTION]) VALUES (	1	,	'Infractions entrainant la mort'	,	'Meurtre au premier degré, meurtre au deuxième degré, homicide involontaire, infanticide, négligence criminelle, et tous autres types d’infractions entraînant la mort'	);
INSERT INTO CATÉGORIE_INTERVENTION (ID, LIBELLÉ, [DESCRIPTION]) VALUES (	2	,	'Introduction'						,	'Introduction par effraction dans un établissement public ou une résidence privée, vol d’arme à feu dans une résidence'	);
INSERT INTO CATÉGORIE_INTERVENTION (ID, LIBELLÉ, [DESCRIPTION]) VALUES (	3	,	'Méfait'							,	'Graffiti et dommage de biens religieux, de véhicule ou dommage général et tous autres types de méfaits'	);
INSERT INTO CATÉGORIE_INTERVENTION (ID, LIBELLÉ, [DESCRIPTION]) VALUES (	4	,	'Vol dans / sur véhicule à moteur'	,	'vol du contenu d’un véhicule à moteur (voiture, camion, motocyclette, etc.) ou d’une pièce de véhicule (roue, parechoc, etc.)'	);
INSERT INTO CATÉGORIE_INTERVENTION (ID, LIBELLÉ, [DESCRIPTION]) VALUES (	5	,	'Vol de véhicule à moteur'			,	'vol de voiture, camion, motocyclette, motoneige tracteur avec ou sans remorque, véhicule de construction ou de ferme, tout-terrain'	);
INSERT INTO CATÉGORIE_INTERVENTION (ID, LIBELLÉ, [DESCRIPTION]) VALUES (	6	,	'Vols qualifiés'					,	'Vol accompagné de violence de commerce, institution financière, personne, sac à main, véhicule blindé, véhicule, arme à feu, et tous autres types de vols qualifiés'	);

SET IDENTITY_INSERT CATÉGORIE_INTERVENTION OFF;


DROP TABLE IF EXISTS QUART_TRAVAIL;
CREATE TABLE QUART_TRAVAIL
(ID INT IDENTITY (1,1) PRIMARY KEY, 
LIBELLÉ NVARCHAR(100) NOT NULL,
HEURE_DÉBUT TIME NOT NULL,
HEURE_FIN TIME NOT NULL);

SELECT * from dbo.QUART_TRAVAIL

--DONNÉES
SET IDENTITY_INSERT QUART_TRAVAIL ON;

INSERT INTO QUART_TRAVAIL (ID, LIBELLÉ, HEURE_DÉBUT, HEURE_FIN) VALUES (	1	,	'JOUR'	,	'08:01:00'	,	'16:00:59'	);
INSERT INTO QUART_TRAVAIL (ID, LIBELLÉ, HEURE_DÉBUT, HEURE_FIN) VALUES (	2	,	'SOIR'	,	'16:01:00'	,	'00:00:59'	);
INSERT INTO QUART_TRAVAIL (ID, LIBELLÉ, HEURE_DÉBUT, HEURE_FIN) VALUES (	3	,	'NUIT'	,	'00:01:00'	,	'08:00:59'	);

SET IDENTITY_INSERT QUART_TRAVAIL OFF;


DROP TABLE IF EXISTS INTERVENTION;
CREATE TABLE INTERVENTION
(ID_INTERVENTION INT IDENTITY(1,1) PRIMARY KEY, 
ID_CATEGORIE INT FOREIGN KEY REFERENCES CATÉGORIE_INTERVENTION (ID),
DATE_INCIDENT DATE NOT NULL,
ID_QUART_TRAVAIL INT FOREIGN KEY REFERENCES QUART_TRAVAIL(ID));


SELECT * from dbo.INTERVENTION


--DONNÉES

/*
Inserer des données 
Nous n'avons pas copié-collé les ensembles de données dans ce document, mais nous les avons seulement exécutés dans leur 
fiche spécifique. Important : nous avons dû changer le nom de la base de données parce que notre base de données s'appelle 
MPD_SPVM et que nous avons activé l'insertion de l'identité de l'ensemble avant d'insérer les données.

Le code que nous devons avoir avant d'insérer les données
 
USE MPD_SPVM;
GO

SET IDENTITY_INSERT INTERVENTION ON;
*/

SET IDENTITY_INSERT INTERVENTION OFF;

SELECT * FROM INTERVENTION


DROP TABLE IF EXISTS POSTE_DE_QUARTIER;
CREATE TABLE POSTE_DE_QUARTIER
(ID_PDQ INT IDENTITY (1,1) PRIMARY KEY, 
ID_ADRESSE INT FOREIGN KEY REFERENCES ADRESSE(ID_ADRESSE));

SELECT * from dbo.POSTE_DE_QUARTIER

--DONNÉES
SET IDENTITY_INSERT POSTE_DE_QUARTIER ON;

INSERT INTO POSTE_DE_QUARTIER (ID_PDQ, ID_ADRESSE) VALUES (	1	,	1	);
INSERT INTO POSTE_DE_QUARTIER (ID_PDQ, ID_ADRESSE) VALUES (	3	,	2	);
INSERT INTO POSTE_DE_QUARTIER (ID_PDQ, ID_ADRESSE) VALUES (	4	,	3	);
INSERT INTO POSTE_DE_QUARTIER (ID_PDQ, ID_ADRESSE) VALUES (	5	,	4	);
INSERT INTO POSTE_DE_QUARTIER (ID_PDQ, ID_ADRESSE) VALUES (	7	,	5	);
INSERT INTO POSTE_DE_QUARTIER (ID_PDQ, ID_ADRESSE) VALUES (	8	,	6	);
INSERT INTO POSTE_DE_QUARTIER (ID_PDQ, ID_ADRESSE) VALUES (	9	,	7	);
INSERT INTO POSTE_DE_QUARTIER (ID_PDQ, ID_ADRESSE) VALUES (	10	,	8	);
INSERT INTO POSTE_DE_QUARTIER (ID_PDQ, ID_ADRESSE) VALUES (	11	,	9	);
INSERT INTO POSTE_DE_QUARTIER (ID_PDQ, ID_ADRESSE) VALUES (	12	,	10	);
INSERT INTO POSTE_DE_QUARTIER (ID_PDQ, ID_ADRESSE) VALUES (	13	,	11	);
INSERT INTO POSTE_DE_QUARTIER (ID_PDQ, ID_ADRESSE) VALUES (	15	,	12	);
INSERT INTO POSTE_DE_QUARTIER (ID_PDQ, ID_ADRESSE) VALUES (	16	,	13	);
INSERT INTO POSTE_DE_QUARTIER (ID_PDQ, ID_ADRESSE) VALUES (	20	,	14	);
INSERT INTO POSTE_DE_QUARTIER (ID_PDQ, ID_ADRESSE) VALUES (	21	,	15	);
INSERT INTO POSTE_DE_QUARTIER (ID_PDQ, ID_ADRESSE) VALUES (	22	,	16	);
INSERT INTO POSTE_DE_QUARTIER (ID_PDQ, ID_ADRESSE) VALUES (	23	,	17	);
INSERT INTO POSTE_DE_QUARTIER (ID_PDQ, ID_ADRESSE) VALUES (	26	,	18	);
INSERT INTO POSTE_DE_QUARTIER (ID_PDQ, ID_ADRESSE) VALUES (	27	,	19	);
INSERT INTO POSTE_DE_QUARTIER (ID_PDQ, ID_ADRESSE) VALUES (	30	,	20	);
INSERT INTO POSTE_DE_QUARTIER (ID_PDQ, ID_ADRESSE) VALUES (	31	,	21	);
INSERT INTO POSTE_DE_QUARTIER (ID_PDQ, ID_ADRESSE) VALUES (	33	,	22	);
INSERT INTO POSTE_DE_QUARTIER (ID_PDQ, ID_ADRESSE) VALUES (	35	,	23	);
INSERT INTO POSTE_DE_QUARTIER (ID_PDQ, ID_ADRESSE) VALUES (	38	,	24	);
INSERT INTO POSTE_DE_QUARTIER (ID_PDQ, ID_ADRESSE) VALUES (	39	,	25	);
INSERT INTO POSTE_DE_QUARTIER (ID_PDQ, ID_ADRESSE) VALUES (	42	,	26	);
INSERT INTO POSTE_DE_QUARTIER (ID_PDQ, ID_ADRESSE) VALUES (	44	,	27	);
INSERT INTO POSTE_DE_QUARTIER (ID_PDQ, ID_ADRESSE) VALUES (	45	,	28	);
INSERT INTO POSTE_DE_QUARTIER (ID_PDQ, ID_ADRESSE) VALUES (	46	,	29	);
INSERT INTO POSTE_DE_QUARTIER (ID_PDQ, ID_ADRESSE) VALUES (	48	,	30	);
INSERT INTO POSTE_DE_QUARTIER (ID_PDQ, ID_ADRESSE) VALUES (	49	,	31	);
INSERT INTO POSTE_DE_QUARTIER (ID_PDQ, ID_ADRESSE) VALUES (	50	,	32	);
INSERT INTO POSTE_DE_QUARTIER (ID_PDQ, ID_ADRESSE) VALUES (	55	,	33	);

SET IDENTITY_INSERT POSTE_DE_QUARTIER OFF;

SELECT * FROM POSTE_DE_QUARTIER

DROP TABLE IF EXISTS COUVERTURE;
CREATE TABLE COUVERTURE
(ID_COUVERTURE VARCHAR(10) PRIMARY KEY, 
ID_PDQ INT FOREIGN KEY REFERENCES POSTE_DE_QUARTIER(ID_PDQ),
NOM NVARCHAR(100) NOT NULL);

SELECT * FROM dbo.COUVERTURE

--DONNÉES

INSERT INTO COUVERTURE (ID_COUVERTURE, ID_PDQ, NOM) VALUES (	'9901'	,	55	,	'Aéroport international Pierre-Elliott-Trudeau de Montréal'	);
INSERT INTO COUVERTURE (ID_COUVERTURE, ID_PDQ, NOM) VALUES (	'1'		,	10	,	'Cartierville'	);
INSERT INTO COUVERTURE (ID_COUVERTURE, ID_PDQ, NOM) VALUES (	'2'		,	10	,	'Nouveau-Bordeaux'	);
INSERT INTO COUVERTURE (ID_COUVERTURE, ID_PDQ, NOM) VALUES (	'3'		,	27	,	'Nicolas-Viel'	);
INSERT INTO COUVERTURE (ID_COUVERTURE, ID_PDQ, NOM) VALUES (	'4'		,	27	,	'Sault-au-Récollet'	);
INSERT INTO COUVERTURE (ID_COUVERTURE, ID_PDQ, NOM) VALUES (	'5'		,	27	,	'Saint-Sulpice'	);
INSERT INTO COUVERTURE (ID_COUVERTURE, ID_PDQ, NOM) VALUES (	'6'		,	27	,	'La Visitation'	);
INSERT INTO COUVERTURE (ID_COUVERTURE, ID_PDQ, NOM) VALUES (	'40'	,	11	,	'Snowdon'	);
INSERT INTO COUVERTURE (ID_COUVERTURE, ID_PDQ, NOM) VALUES (	'41'	,	11	,	'Édouard-Montpetit'	);
INSERT INTO COUVERTURE (ID_COUVERTURE, ID_PDQ, NOM) VALUES (	'42'	,	11	,	'Parc-Kent'	);
INSERT INTO COUVERTURE (ID_COUVERTURE, ID_PDQ, NOM) VALUES (	'43'	,	11	,	'Savane'	);
INSERT INTO COUVERTURE (ID_COUVERTURE, ID_PDQ, NOM) VALUES (	'44'	,	11	,	'Upper Lachine'	);
INSERT INTO COUVERTURE (ID_COUVERTURE, ID_PDQ, NOM) VALUES (	'45'	,	11	,	'Loyola'	);
INSERT INTO COUVERTURE (ID_COUVERTURE, ID_PDQ, NOM) VALUES (	'46'	,	11	,	'Côte-Saint-Antoine'	);
INSERT INTO COUVERTURE (ID_COUVERTURE, ID_PDQ, NOM) VALUES (	'69'	,	8	,	'Lachine-Ouest'	);
INSERT INTO COUVERTURE (ID_COUVERTURE, ID_PDQ, NOM) VALUES (	'70'	,	8	,	'Vieux-Lachine - Saint-Pierre'	);
INSERT INTO COUVERTURE (ID_COUVERTURE, ID_PDQ, NOM) VALUES (	'67'	,	13	,	'Cecil-P.-Newman'	);
INSERT INTO COUVERTURE (ID_COUVERTURE, ID_PDQ, NOM) VALUES (	'68'	,	13	,	'Sault-Saint-Louis'	);
INSERT INTO COUVERTURE (ID_COUVERTURE, ID_PDQ, NOM) VALUES (	'31'	,	38	,	'Lorimier'	);
INSERT INTO COUVERTURE (ID_COUVERTURE, ID_PDQ, NOM) VALUES (	'32'	,	38	,	'Parc-Lafontaine'	);
INSERT INTO COUVERTURE (ID_COUVERTURE, ID_PDQ, NOM) VALUES (	'33'	,	38	,	'Parc-Laurier'	);
INSERT INTO COUVERTURE (ID_COUVERTURE, ID_PDQ, NOM) VALUES (	'34'	,	38	,	'Mile End'	);
INSERT INTO COUVERTURE (ID_COUVERTURE, ID_PDQ, NOM) VALUES (	'35'	,	38	,	'Saint-Louis'	);
INSERT INTO COUVERTURE (ID_COUVERTURE, ID_PDQ, NOM) VALUES (	'36'	,	38	,	'Milton-Parc'	);
INSERT INTO COUVERTURE (ID_COUVERTURE, ID_PDQ, NOM) VALUES (	'47'	,	15	,	'Pointe-Saint-Charles'	);
INSERT INTO COUVERTURE (ID_COUVERTURE, ID_PDQ, NOM) VALUES (	'48'	,	15	,	'Côte-Saint-Paul'	);
INSERT INTO COUVERTURE (ID_COUVERTURE, ID_PDQ, NOM) VALUES (	'49'	,	15	,	'Ville-Émard'	);
INSERT INTO COUVERTURE (ID_COUVERTURE, ID_PDQ, NOM) VALUES (	'50'	,	15	,	'Saint-Henri'	);
INSERT INTO COUVERTURE (ID_COUVERTURE, ID_PDQ, NOM) VALUES (	'51'	,	15	,	'Petite-Bourgogne'	);
INSERT INTO COUVERTURE (ID_COUVERTURE, ID_PDQ, NOM) VALUES (	'21'	,	48	,	'Louis-Riel'	);
INSERT INTO COUVERTURE (ID_COUVERTURE, ID_PDQ, NOM) VALUES (	'22'	,	48	,	'Dupéré'	);
INSERT INTO COUVERTURE (ID_COUVERTURE, ID_PDQ, NOM) VALUES (	'23'	,	48	,	'Tétreaultville'	);
INSERT INTO COUVERTURE (ID_COUVERTURE, ID_PDQ, NOM) VALUES (	'24'	,	48	,	'Beaurivage'	);
INSERT INTO COUVERTURE (ID_COUVERTURE, ID_PDQ, NOM) VALUES (	'25'	,	48	,	'Guybourg'	);
INSERT INTO COUVERTURE (ID_COUVERTURE, ID_PDQ, NOM) VALUES (	'26'	,	48	,	'Longue-Pointe'	);
INSERT INTO COUVERTURE (ID_COUVERTURE, ID_PDQ, NOM) VALUES (	'27'	,	23	,	'Hochelaga'	);
INSERT INTO COUVERTURE (ID_COUVERTURE, ID_PDQ, NOM) VALUES (	'28'	,	23	,	'Maisonneuve'	);
INSERT INTO COUVERTURE (ID_COUVERTURE, ID_PDQ, NOM) VALUES (	'29'	,	23	,	'Préfontaine'	);
INSERT INTO COUVERTURE (ID_COUVERTURE, ID_PDQ, NOM) VALUES (	'9902'	,	50	,	'Métro de Montréal'	);
INSERT INTO COUVERTURE (ID_COUVERTURE, ID_PDQ, NOM) VALUES (	'61'	,	39	,	'Est'	);
INSERT INTO COUVERTURE (ID_COUVERTURE, ID_PDQ, NOM) VALUES (	'60A'	,	39	,	'Ouest'	);
INSERT INTO COUVERTURE (ID_COUVERTURE, ID_PDQ, NOM) VALUES (	'60B'	,	39	,	'Centre-Nord'	);
INSERT INTO COUVERTURE (ID_COUVERTURE, ID_PDQ, NOM) VALUES (	'60C'	,	39	,	'Centre'	);
INSERT INTO COUVERTURE (ID_COUVERTURE, ID_PDQ, NOM) VALUES (	'71'	,	3	,	'Pierrefonds-Ouest'	);
INSERT INTO COUVERTURE (ID_COUVERTURE, ID_PDQ, NOM) VALUES (	'72'	,	3	,	'Pierrefonds-Est'	);
INSERT INTO COUVERTURE (ID_COUVERTURE, ID_PDQ, NOM) VALUES (	'52'	,	45	,	'Marc-Aurèle-Fortin'	);
INSERT INTO COUVERTURE (ID_COUVERTURE, ID_PDQ, NOM) VALUES (	'53'	,	45	,	'Rivière-des-Prairies'	);
INSERT INTO COUVERTURE (ID_COUVERTURE, ID_PDQ, NOM) VALUES (	'54'	,	49	,	'Pointe-aux-Trembles'	);
INSERT INTO COUVERTURE (ID_COUVERTURE, ID_PDQ, NOM) VALUES (	'14'	,	44	,	'Saint-Édouard'	);
INSERT INTO COUVERTURE (ID_COUVERTURE, ID_PDQ, NOM) VALUES (	'15'	,	35	,	'Père-Marquette'	);
INSERT INTO COUVERTURE (ID_COUVERTURE, ID_PDQ, NOM) VALUES (	'16'	,	44	,	'Louis-Hébert'	);
INSERT INTO COUVERTURE (ID_COUVERTURE, ID_PDQ, NOM) VALUES (	'17'	,	44	,	'Étienne Desmarteaux'	);
INSERT INTO COUVERTURE (ID_COUVERTURE, ID_PDQ, NOM) VALUES (	'18'	,	44	,	'Vieux-Rosemont'	);
INSERT INTO COUVERTURE (ID_COUVERTURE, ID_PDQ, NOM) VALUES (	'19'	,	44	,	'Petite-Côte'	);
INSERT INTO COUVERTURE (ID_COUVERTURE, ID_PDQ, NOM) VALUES (	'20'	,	44	,	'Marie-Victorin'	);
INSERT INTO COUVERTURE (ID_COUVERTURE, ID_PDQ, NOM) VALUES (	'55'	,	7	,	'Chameran/Montpellier'	);
INSERT INTO COUVERTURE (ID_COUVERTURE, ID_PDQ, NOM) VALUES (	'56'	,	7	,	'Grenet'	);
INSERT INTO COUVERTURE (ID_COUVERTURE, ID_PDQ, NOM) VALUES (	'57'	,	7	,	'Dutrisac'	);
INSERT INTO COUVERTURE (ID_COUVERTURE, ID_PDQ, NOM) VALUES (	'58'	,	7	,	'Bois-Francs'	);
INSERT INTO COUVERTURE (ID_COUVERTURE, ID_PDQ, NOM) VALUES (	'59'	,	7	,	'Du College/Hodge'	);
INSERT INTO COUVERTURE (ID_COUVERTURE, ID_PDQ, NOM) VALUES (	'62'	,	42	,	'Port-Maurice'	);
INSERT INTO COUVERTURE (ID_COUVERTURE, ID_PDQ, NOM) VALUES (	'63'	,	42	,	'Grande-Prairie'	);
INSERT INTO COUVERTURE (ID_COUVERTURE, ID_PDQ, NOM) VALUES (	'64'	,	16	,	'Verdun-Centre'	);
INSERT INTO COUVERTURE (ID_COUVERTURE, ID_PDQ, NOM) VALUES (	'65'	,	16	,	'Ile-des-Soeurs'	);
INSERT INTO COUVERTURE (ID_COUVERTURE, ID_PDQ, NOM) VALUES (	'66'	,	16	,	'Desmarchais-Crawford'	);
INSERT INTO COUVERTURE (ID_COUVERTURE, ID_PDQ, NOM) VALUES (	'30'	,	22	,	'Sainte-Marie'	);
INSERT INTO COUVERTURE (ID_COUVERTURE, ID_PDQ, NOM) VALUES (	'37'	,	21	,	'Vieux-Montréal'	);
INSERT INTO COUVERTURE (ID_COUVERTURE, ID_PDQ, NOM) VALUES (	'38'	,	21	,	'René-Lévesque'	);
INSERT INTO COUVERTURE (ID_COUVERTURE, ID_PDQ, NOM) VALUES (	'39'	,	20	,	'Montagne'	);
INSERT INTO COUVERTURE (ID_COUVERTURE, ID_PDQ, NOM) VALUES (	'7'		,	30	,	'Sainte-Lucie'	);
INSERT INTO COUVERTURE (ID_COUVERTURE, ID_PDQ, NOM) VALUES (	'8'		,	30	,	'René-Goupil'	);
INSERT INTO COUVERTURE (ID_COUVERTURE, ID_PDQ, NOM) VALUES (	'9'		,	30	,	'Gabriel-Sagard'	);
INSERT INTO COUVERTURE (ID_COUVERTURE, ID_PDQ, NOM) VALUES (	'10'	,	30	,	'François-Perrault'	);
INSERT INTO COUVERTURE (ID_COUVERTURE, ID_PDQ, NOM) VALUES (	'11'	,	33	,	'Parc-Extension'	);
INSERT INTO COUVERTURE (ID_COUVERTURE, ID_PDQ, NOM) VALUES (	'12'	,	30	,	'Parc-Jarry'	);
INSERT INTO COUVERTURE (ID_COUVERTURE, ID_PDQ, NOM) VALUES (	'13'	,	31	,	'Crémazie'	);
INSERT INTO COUVERTURE (ID_COUVERTURE, ID_PDQ, NOM) VALUES (	'66023'	,	NULL,	'Montréal'	);
INSERT INTO COUVERTURE (ID_COUVERTURE, ID_PDQ, NOM) VALUES (	'66112'	,	1	,	'Baie-D''Urfé'	);
INSERT INTO COUVERTURE (ID_COUVERTURE, ID_PDQ, NOM) VALUES (	'66107'	,	1	,	'Beaconsfield'	);
INSERT INTO COUVERTURE (ID_COUVERTURE, ID_PDQ, NOM) VALUES (	'66058'	,	9	,	'Côte-Saint-Luc'	);
INSERT INTO COUVERTURE (ID_COUVERTURE, ID_PDQ, NOM) VALUES (	'66142'	,	4	,	'Dollard-Des Ormeaux'	);
INSERT INTO COUVERTURE (ID_COUVERTURE, ID_PDQ, NOM) VALUES (	'66087'	,	5	,	'Dorval'	);
INSERT INTO COUVERTURE (ID_COUVERTURE, ID_PDQ, NOM) VALUES (	'66062'	,	9	,	'Hampstead'	);
INSERT INTO COUVERTURE (ID_COUVERTURE, ID_PDQ, NOM) VALUES (	'66102'	,	1	,	'Kirkland'	);
INSERT INTO COUVERTURE (ID_COUVERTURE, ID_PDQ, NOM) VALUES (	'66007'	,	49	,	'Montréal-Est'	);
INSERT INTO COUVERTURE (ID_COUVERTURE, ID_PDQ, NOM) VALUES (	'66047'	,	9	,	'Montréal-Ouest'	);
INSERT INTO COUVERTURE (ID_COUVERTURE, ID_PDQ, NOM) VALUES (	'66072'	,	26	,	'Mont-Royal'	);
INSERT INTO COUVERTURE (ID_COUVERTURE, ID_PDQ, NOM) VALUES (	'66097'	,	5	,	'Pointe-Claire'	);
INSERT INTO COUVERTURE (ID_COUVERTURE, ID_PDQ, NOM) VALUES (	'66117'	,	1	,	'Sainte-Anne-de-Bellevue'	);
INSERT INTO COUVERTURE (ID_COUVERTURE, ID_PDQ, NOM) VALUES (	'66127'	,	1	,	'Senneville'	);
INSERT INTO COUVERTURE (ID_COUVERTURE, ID_PDQ, NOM) VALUES (	'66032'	,	12	,	'Westmount'	);
INSERT INTO COUVERTURE (ID_COUVERTURE, ID_PDQ, NOM) VALUES (	'REM23'	,	NULL,	'Ahuntsic-Cartierville'	);
INSERT INTO COUVERTURE (ID_COUVERTURE, ID_PDQ, NOM) VALUES (	'REM9'	,	46	,	'Anjou'	);
INSERT INTO COUVERTURE (ID_COUVERTURE, ID_PDQ, NOM) VALUES (	'REM34'	,	NULL,	'Côte-des-Neiges - Notre-Dame-de-Grâce'	);
INSERT INTO COUVERTURE (ID_COUVERTURE, ID_PDQ, NOM) VALUES (	'REM27'	,	NULL,	'Lachine'	);
INSERT INTO COUVERTURE (ID_COUVERTURE, ID_PDQ, NOM) VALUES (	'REM17'	,	NULL,	'LaSalle'	);
INSERT INTO COUVERTURE (ID_COUVERTURE, ID_PDQ, NOM) VALUES (	'REM21'	,	NULL,	'Le Plateau-Mont-Royal'	);
INSERT INTO COUVERTURE (ID_COUVERTURE, ID_PDQ, NOM) VALUES (	'REM20'	,	NULL,	'Le Sud-Ouest'	);
INSERT INTO COUVERTURE (ID_COUVERTURE, ID_PDQ, NOM) VALUES (	'REM32'	,	3	,	'L''Île-Bizard - Sainte-Geneviève'	);
INSERT INTO COUVERTURE (ID_COUVERTURE, ID_PDQ, NOM) VALUES (	'REM22'	,	NULL,	'Mercier - Hochelaga-Maisonneuve'	);
INSERT INTO COUVERTURE (ID_COUVERTURE, ID_PDQ, NOM) VALUES (	'REM16'	,	NULL,	'Montréal-Nord'	);
INSERT INTO COUVERTURE (ID_COUVERTURE, ID_PDQ, NOM) VALUES (	'REM5'	,	26	,	'Outremont'	);
INSERT INTO COUVERTURE (ID_COUVERTURE, ID_PDQ, NOM) VALUES (	'REM31'	,	NULL,	'Pierrefonds-Roxboro'	);
INSERT INTO COUVERTURE (ID_COUVERTURE, ID_PDQ, NOM) VALUES (	'REM33'	,	NULL,	'Rivière-des-Prairies - Pointe-aux-Trembles'	);
INSERT INTO COUVERTURE (ID_COUVERTURE, ID_PDQ, NOM) VALUES (	'REM24'	,	NULL,	'Rosemont - La Petite-Patrie'	);
INSERT INTO COUVERTURE (ID_COUVERTURE, ID_PDQ, NOM) VALUES (	'REM15'	,	NULL,	'Saint-Laurent'	);
INSERT INTO COUVERTURE (ID_COUVERTURE, ID_PDQ, NOM) VALUES (	'REM14'	,	NULL,	'Saint-Léonard'	);
INSERT INTO COUVERTURE (ID_COUVERTURE, ID_PDQ, NOM) VALUES (	'REM12'	,	NULL,	'Verdun'	);
INSERT INTO COUVERTURE (ID_COUVERTURE, ID_PDQ, NOM) VALUES (	'REM19'	,	NULL,	'Ville-Marie'	);
INSERT INTO COUVERTURE (ID_COUVERTURE, ID_PDQ, NOM) VALUES (	'REM25'	,	NULL,	'Villeray - Saint-Michel - Parc-Extension'	);

SELECT * FROM COUVERTURE

DROP TABLE IF EXISTS QUARTIER;
CREATE TABLE QUARTIER
(NUM_QUARTIER INT IDENTITY (1,1) PRIMARY KEY, 
ID_DIVISION NVARCHAR(10) FOREIGN KEY REFERENCES DIVISION_ADMINISTRATIVE(ID_DIVISION),
NB_LOGEMENTS INT NOT NULL);

SELECT * FROM dbo.QUARTIER


-- trigger
DROP TRIGGER IF EXISTS trg_PreventDuplicateID_Quartier;
GO

CREATE TRIGGER trg_PreventDuplicateID_Quartier
ON QUARTIER
AFTER INSERT
AS
BEGIN

    IF EXISTS (
        SELECT I.NUM_QUARTIER
        FROM inserted I
        JOIN QUARTIER AS Q ON I.NUM_QUARTIER = Q.NUM_QUARTIER
    )
    BEGIN
         -- Si des valeurs en double sont trouvées, une erreur est soulevée
        PRINT 'ErrorNumber = ' + CAST(ERROR_NUMBER() AS CHAR(10));
        PRINT 'ErrorSeverity = ' + CAST(ERROR_SEVERITY() AS CHAR(10));
        PRINT 'ErrorLine = ' + CAST(ERROR_LINE() AS CHAR(10));
        PRINT 'ErrorMessage = ' + CAST(ERROR_MESSAGE() AS CHAR(400));
    END
END;

--DONNÉES
SET IDENTITY_INSERT QUARTIER ON;

INSERT INTO QUARTIER (NUM_QUARTIER, ID_DIVISION, NB_LOGEMENTS) VALUES (	'1'		,	'REM23'	,	10315	);
INSERT INTO QUARTIER (NUM_QUARTIER, ID_DIVISION, NB_LOGEMENTS) VALUES (	'2'		,	'REM23'	,	13009	);
INSERT INTO QUARTIER (NUM_QUARTIER, ID_DIVISION, NB_LOGEMENTS) VALUES (	'3'		,	'REM23'	,	9207	);
INSERT INTO QUARTIER (NUM_QUARTIER, ID_DIVISION, NB_LOGEMENTS) VALUES (	'4'		,	'REM23'	,	13157	);
INSERT INTO QUARTIER (NUM_QUARTIER, ID_DIVISION, NB_LOGEMENTS) VALUES (	'5'		,	'REM23'	,	10229	);
INSERT INTO QUARTIER (NUM_QUARTIER, ID_DIVISION, NB_LOGEMENTS) VALUES (	'6'		,	'REM23'	,	8767	);
INSERT INTO QUARTIER (NUM_QUARTIER, ID_DIVISION, NB_LOGEMENTS) VALUES (	'40'	,	'REM34'	,	11023	);
INSERT INTO QUARTIER (NUM_QUARTIER, ID_DIVISION, NB_LOGEMENTS) VALUES (	'41'	,	'REM34'	,	12284	);
INSERT INTO QUARTIER (NUM_QUARTIER, ID_DIVISION, NB_LOGEMENTS) VALUES (	'42'	,	'REM34'	,	13528	);
INSERT INTO QUARTIER (NUM_QUARTIER, ID_DIVISION, NB_LOGEMENTS) VALUES (	'43'	,	'REM34'	,	13508	);
INSERT INTO QUARTIER (NUM_QUARTIER, ID_DIVISION, NB_LOGEMENTS) VALUES (	'44'	,	'REM34'	,	11938	);
INSERT INTO QUARTIER (NUM_QUARTIER, ID_DIVISION, NB_LOGEMENTS) VALUES (	'45'	,	'REM34'	,	12737	);
INSERT INTO QUARTIER (NUM_QUARTIER, ID_DIVISION, NB_LOGEMENTS) VALUES (	'46'	,	'REM34'	,	10100	);
INSERT INTO QUARTIER (NUM_QUARTIER, ID_DIVISION, NB_LOGEMENTS) VALUES (	'69'	,	'REM27'	,	7206	);
INSERT INTO QUARTIER (NUM_QUARTIER, ID_DIVISION, NB_LOGEMENTS) VALUES (	'70'	,	'REM27'	,	15111	);
INSERT INTO QUARTIER (NUM_QUARTIER, ID_DIVISION, NB_LOGEMENTS) VALUES (	'67'	,	'REM17'	,	15793	);
INSERT INTO QUARTIER (NUM_QUARTIER, ID_DIVISION, NB_LOGEMENTS) VALUES (	'68'	,	'REM17'	,	22983	);
INSERT INTO QUARTIER (NUM_QUARTIER, ID_DIVISION, NB_LOGEMENTS) VALUES (	'31'	,	'REM21'	,	11754	);
INSERT INTO QUARTIER (NUM_QUARTIER, ID_DIVISION, NB_LOGEMENTS) VALUES (	'32'	,	'REM21'	,	9827	);
INSERT INTO QUARTIER (NUM_QUARTIER, ID_DIVISION, NB_LOGEMENTS) VALUES (	'33'	,	'REM21'	,	11219	);
INSERT INTO QUARTIER (NUM_QUARTIER, ID_DIVISION, NB_LOGEMENTS) VALUES (	'34'	,	'REM21'	,	13975	);
INSERT INTO QUARTIER (NUM_QUARTIER, ID_DIVISION, NB_LOGEMENTS) VALUES (	'35'	,	'REM21'	,	9231	);
INSERT INTO QUARTIER (NUM_QUARTIER, ID_DIVISION, NB_LOGEMENTS) VALUES (	'36'	,	'REM21'	,	9693	);
INSERT INTO QUARTIER (NUM_QUARTIER, ID_DIVISION, NB_LOGEMENTS) VALUES (	'47'	,	'REM20'	,	8333	);
INSERT INTO QUARTIER (NUM_QUARTIER, ID_DIVISION, NB_LOGEMENTS) VALUES (	'48'	,	'REM20'	,	8863	);
INSERT INTO QUARTIER (NUM_QUARTIER, ID_DIVISION, NB_LOGEMENTS) VALUES (	'49'	,	'REM20'	,	6961	);
INSERT INTO QUARTIER (NUM_QUARTIER, ID_DIVISION, NB_LOGEMENTS) VALUES (	'50'	,	'REM20'	,	10300	);
INSERT INTO QUARTIER (NUM_QUARTIER, ID_DIVISION, NB_LOGEMENTS) VALUES (	'51'	,	'REM20'	,	11487	);
INSERT INTO QUARTIER (NUM_QUARTIER, ID_DIVISION, NB_LOGEMENTS) VALUES (	'21'	,	'REM22'	,	9963	);
INSERT INTO QUARTIER (NUM_QUARTIER, ID_DIVISION, NB_LOGEMENTS) VALUES (	'22'	,	'REM22'	,	6295	);
INSERT INTO QUARTIER (NUM_QUARTIER, ID_DIVISION, NB_LOGEMENTS) VALUES (	'23'	,	'REM22'	,	9744	);
INSERT INTO QUARTIER (NUM_QUARTIER, ID_DIVISION, NB_LOGEMENTS) VALUES (	'24'	,	'REM22'	,	6979	);
INSERT INTO QUARTIER (NUM_QUARTIER, ID_DIVISION, NB_LOGEMENTS) VALUES (	'25'	,	'REM22'	,	1784	);
INSERT INTO QUARTIER (NUM_QUARTIER, ID_DIVISION, NB_LOGEMENTS) VALUES (	'26'	,	'REM22'	,	10804	);
INSERT INTO QUARTIER (NUM_QUARTIER, ID_DIVISION, NB_LOGEMENTS) VALUES (	'27'	,	'REM22'	,	6522	);
INSERT INTO QUARTIER (NUM_QUARTIER, ID_DIVISION, NB_LOGEMENTS) VALUES (	'28'	,	'REM22'	,	11912	);
INSERT INTO QUARTIER (NUM_QUARTIER, ID_DIVISION, NB_LOGEMENTS) VALUES (	'29'	,	'REM22'	,	9842	);
INSERT INTO QUARTIER (NUM_QUARTIER, ID_DIVISION, NB_LOGEMENTS) VALUES (	'61'	,	'REM16'	,	14190	);
INSERT INTO QUARTIER (NUM_QUARTIER, ID_DIVISION, NB_LOGEMENTS) VALUES (	'60A'	,	'REM16'	,	11067	);
INSERT INTO QUARTIER (NUM_QUARTIER, ID_DIVISION, NB_LOGEMENTS) VALUES (	'60B'	,	'REM16'	,	5699	);
INSERT INTO QUARTIER (NUM_QUARTIER, ID_DIVISION, NB_LOGEMENTS) VALUES (	'60C'	,	'REM16'	,	8551	);
INSERT INTO QUARTIER (NUM_QUARTIER, ID_DIVISION, NB_LOGEMENTS) VALUES (	'71'	,	'REM31'	,	11419	);
INSERT INTO QUARTIER (NUM_QUARTIER, ID_DIVISION, NB_LOGEMENTS) VALUES (	'72'	,	'REM31'	,	15335	);
INSERT INTO QUARTIER (NUM_QUARTIER, ID_DIVISION, NB_LOGEMENTS) VALUES (	'52'	,	'REM33'	,	14552	);
INSERT INTO QUARTIER (NUM_QUARTIER, ID_DIVISION, NB_LOGEMENTS) VALUES (	'53'	,	'REM33'	,	7351	);
INSERT INTO QUARTIER (NUM_QUARTIER, ID_DIVISION, NB_LOGEMENTS) VALUES (	'54'	,	'REM33'	,	23187	);
INSERT INTO QUARTIER (NUM_QUARTIER, ID_DIVISION, NB_LOGEMENTS) VALUES (	'14'	,	'REM24'	,	10134	);
INSERT INTO QUARTIER (NUM_QUARTIER, ID_DIVISION, NB_LOGEMENTS) VALUES (	'15'	,	'REM24'	,	11658	);
INSERT INTO QUARTIER (NUM_QUARTIER, ID_DIVISION, NB_LOGEMENTS) VALUES (	'16'	,	'REM24'	,	8373	);
INSERT INTO QUARTIER (NUM_QUARTIER, ID_DIVISION, NB_LOGEMENTS) VALUES (	'17'	,	'REM24'	,	9371	);
INSERT INTO QUARTIER (NUM_QUARTIER, ID_DIVISION, NB_LOGEMENTS) VALUES (	'18'	,	'REM24'	,	16135	);
INSERT INTO QUARTIER (NUM_QUARTIER, ID_DIVISION, NB_LOGEMENTS) VALUES (	'19'	,	'REM24'	,	8945	);
INSERT INTO QUARTIER (NUM_QUARTIER, ID_DIVISION, NB_LOGEMENTS) VALUES (	'20'	,	'REM24'	,	15378	);
INSERT INTO QUARTIER (NUM_QUARTIER, ID_DIVISION, NB_LOGEMENTS) VALUES (	'55'	,	'REM15'	,	9514	);
INSERT INTO QUARTIER (NUM_QUARTIER, ID_DIVISION, NB_LOGEMENTS) VALUES (	'56'	,	'REM15'	,	4716	);
INSERT INTO QUARTIER (NUM_QUARTIER, ID_DIVISION, NB_LOGEMENTS) VALUES (	'57'	,	'REM15'	,	4301	);
INSERT INTO QUARTIER (NUM_QUARTIER, ID_DIVISION, NB_LOGEMENTS) VALUES (	'58'	,	'REM15'	,	14209	);
INSERT INTO QUARTIER (NUM_QUARTIER, ID_DIVISION, NB_LOGEMENTS) VALUES (	'59'	,	'REM15'	,	9430	);
INSERT INTO QUARTIER (NUM_QUARTIER, ID_DIVISION, NB_LOGEMENTS) VALUES (	'62'	,	'REM14'	,	18942	);
INSERT INTO QUARTIER (NUM_QUARTIER, ID_DIVISION, NB_LOGEMENTS) VALUES (	'63'	,	'REM14'	,	14752	);
INSERT INTO QUARTIER (NUM_QUARTIER, ID_DIVISION, NB_LOGEMENTS) VALUES (	'64'	,	'REM12'	,	17207	);
INSERT INTO QUARTIER (NUM_QUARTIER, ID_DIVISION, NB_LOGEMENTS) VALUES (	'65'	,	'REM12'	,	11124	);
INSERT INTO QUARTIER (NUM_QUARTIER, ID_DIVISION, NB_LOGEMENTS) VALUES (	'66'	,	'REM12'	,	9261	);
INSERT INTO QUARTIER (NUM_QUARTIER, ID_DIVISION, NB_LOGEMENTS) VALUES (	'30'	,	'REM19'	,	20866	);
INSERT INTO QUARTIER (NUM_QUARTIER, ID_DIVISION, NB_LOGEMENTS) VALUES (	'37'	,	'REM19'	,	9669	);
INSERT INTO QUARTIER (NUM_QUARTIER, ID_DIVISION, NB_LOGEMENTS) VALUES (	'38'	,	'REM19'	,	20563	);
INSERT INTO QUARTIER (NUM_QUARTIER, ID_DIVISION, NB_LOGEMENTS) VALUES (	'39'	,	'REM19'	,	20017	);
INSERT INTO QUARTIER (NUM_QUARTIER, ID_DIVISION, NB_LOGEMENTS) VALUES (	'7'		,	'REM25'	,	9347	);
INSERT INTO QUARTIER (NUM_QUARTIER, ID_DIVISION, NB_LOGEMENTS) VALUES (	'8'		,	'REM25'	,	4436	);
INSERT INTO QUARTIER (NUM_QUARTIER, ID_DIVISION, NB_LOGEMENTS) VALUES (	'9'		,	'REM25'	,	10786	);
INSERT INTO QUARTIER (NUM_QUARTIER, ID_DIVISION, NB_LOGEMENTS) VALUES (	'10'	,	'REM25'	,	7347	);
INSERT INTO QUARTIER (NUM_QUARTIER, ID_DIVISION, NB_LOGEMENTS) VALUES (	'11'	,	'REM25'	,	13209	);
INSERT INTO QUARTIER (NUM_QUARTIER, ID_DIVISION, NB_LOGEMENTS) VALUES (	'12'	,	'REM25'	,	8894	);
INSERT INTO QUARTIER (NUM_QUARTIER, ID_DIVISION, NB_LOGEMENTS) VALUES (	'13'	,	'REM25'	,	16986	);

SET IDENTITY_INSERT QUARTIER OFF;

SELECT * FROM QUARTIER

DROP TABLE IF EXISTS GENRE;
CREATE TABLE GENRE
(ID_GENRE INT IDENTITY (1,1) PRIMARY KEY,
CODE NVARCHAR(100) NOT NULL,
DÉSIGNATION NVARCHAR(100) NOT NULL,
SALUTATION NVARCHAR(100),
ABRÉVIATION NVARCHAR(100));

SELECT * FROM dbo.GENRE

--DONNÉES
SET IDENTITY_INSERT GENRE ON;


INSERT INTO GENRE (ID_GENRE, CODE, DÉSIGNATION, SALUTATION, ABRÉVIATION) VALUES (	0	,	'NC'	,	'NON CONNU'		,	NULL		,	NULL	);
INSERT INTO GENRE (ID_GENRE, CODE, DÉSIGNATION, SALUTATION, ABRÉVIATION) VALUES (	1	,	'H'		,	'HOMME'			,	'Monsieur'	,	'M.'	);
INSERT INTO GENRE (ID_GENRE, CODE, DÉSIGNATION, SALUTATION, ABRÉVIATION) VALUES (	2	,	'F'		,	'FEMME'			,	'Madame'	,	'Mme.'	);
INSERT INTO GENRE (ID_GENRE, CODE, DÉSIGNATION, SALUTATION, ABRÉVIATION) VALUES (	9	,	'NB'	,	'NON BINAIRE'	,	NULL		,	NULL	);


SET IDENTITY_INSERT GENRE OFF;

SELECT * FROM GENRE;

DROP TABLE IF EXISTS AGENT;
CREATE TABLE AGENT
(MATRICULE INT IDENTITY(1,1) PRIMARY KEY,
GENRE INT FOREIGN KEY REFERENCES GENRE(ID_GENRE),
PRENOM NVARCHAR(100) NOT NULL, 
NOM NVARCHAR(100) NOT NULL, 
PDQ INT FOREIGN KEY REFERENCES POSTE_DE_QUARTIER(ID_PDQ));

SELECT * FROM dbo.AGENT

--DONNÉES

/*
Inserer des données 
Nous n'avons pas copié-collé les ensembles de données dans ce document, mais nous les avons seulement exécutés dans leur 
fiche spécifique. Important : nous avons dû changer le nom de la base de données parce que notre base de données s'appelle 
MPD_SPVM et que nous avons activé l'insertion de l'identité de l'ensemble avant d'insérer les données.

Le code que nous devons avoir avant d'insérer les données


USE MPD_SPVM;
GO

SET IDENTITY_INSERT AGENT ON;
*/

SET IDENTITY_INSERT AGENT OFF;

SELECT * FROM AGENT

DROP TABLE IF EXISTS INTERVENTION_AGENT;
CREATE TABLE INTERVENTION_AGENT
(ID_INTERVENTION INT,
 MATRICULE_AGENT INT,
 EST_RAPORTEUR BIT,
 PRIMARY KEY (ID_INTERVENTION, MATRICULE_AGENT),
 FOREIGN KEY (ID_INTERVENTION) REFERENCES INTERVENTION(ID_INTERVENTION),
 FOREIGN KEY (MATRICULE_AGENT) REFERENCES AGENT(MATRICULE));

 SELECT * FROM INTERVENTION_AGENT

 --DONNÉES

/*

Inserer des données 
Nous n'avons pas copié-collé les ensembles de données dans ce document, mais nous les avons seulement exécutés dans leur 
fiche spécifique. Important : nous avons dû changer le nom de la base de données parce que notre base de données s'appelle 
MPD_SPVM.
Le code que nous devons avoir avant d'insérer les données

USE MPD_SPVM;
GO


*/
SELECT * FROM INTERVENTION_AGENT

